Player,Age,Team,Pos,G,GS,MP,FG,FGA,FG%,3P,3PA,3P%,2P,2PA,2P%,eFG%,FT,FTA,FT%,ORB,DRB,TRB,AST,STL,BLK,TOV,PF,PTS,Trp-Dbl,Awards,Player-additional
Shai Gilgeous-Alexander,26,OKC,PG,44,44,1513,497,942,0.528,88,251,0.351,409,691,0.592,0.574,329,363,0.906,39,194,233,264,91,47,118,96,1411,0,,gilgesh01
Anthony Edwards,23,MIN,SG,46,46,1685,412,933,0.442,189,451,0.419,223,482,0.463,0.543,195,236,0.826,35,225,260,202,53,25,154,88,1208,0,,edwaran01
Nikola Jokić,29,DEN,C,40,40,1456,458,803,0.57,81,171,0.474,377,632,0.597,0.621,203,250,0.812,133,391,524,407,72,26,125,81,1200,21,,jokicni01
Giannis Antetokounmpo,30,MIL,PF,38,38,1324,477,789,0.605,4,28,0.143,473,761,0.622,0.607,240,410,0.585,82,380,462,223,29,52,131,90,1198,5,,antetgi01
Jalen Brunson,28,NYK,PG,46,46,1616,410,840,0.488,110,273,0.403,300,567,0.529,0.554,257,316,0.813,20,112,132,339,41,2,108,102,1187,0,,brunsja01
Jayson Tatum,26,BOS,PF,44,44,1602,397,877,0.453,157,448,0.35,240,429,0.559,0.542,233,291,0.801,27,368,395,240,56,22,124,100,1184,1,,tatumja01
De'Aaron Fox,27,SAC,PG,43,43,1598,399,852,0.468,88,272,0.324,311,580,0.536,0.52,199,241,0.826,44,169,213,267,65,20,130,115,1085,0,,foxde01
Anthony Davis,31,LAL,C,41,41,1430,398,755,0.527,28,94,0.298,370,661,0.56,0.546,253,321,0.788,117,380,497,141,53,90,92,82,1077,0,,davisan02
Tyler Herro,25,MIA,SG,44,44,1563,368,776,0.474,171,427,0.4,197,349,0.564,0.584,155,178,0.871,14,231,245,236,31,5,108,61,1062,0,,herroty01
Karl-Anthony Towns,29,NYK,C,42,42,1455,376,696,0.54,86,199,0.432,290,497,0.584,0.602,207,246,0.841,130,451,581,141,43,34,109,144,1045,0,,townska01
Donovan Mitchell,28,CLE,SG,44,44,1382,364,819,0.444,161,406,0.397,203,413,0.492,0.543,154,185,0.832,31,163,194,203,63,10,86,89,1043,0,,mitchdo01
Cade Cunningham,23,DET,PG,42,42,1494,392,867,0.452,97,267,0.363,295,600,0.492,0.508,160,194,0.825,38,231,269,393,39,34,194,115,1041,7,,cunnica01
Jaren Jackson Jr.,25,MEM,C,45,45,1329,375,751,0.499,83,234,0.355,292,517,0.565,0.555,194,248,0.782,67,212,279,95,61,74,99,149,1027,0,,jacksja02
Devin Booker,28,PHO,SG,40,40,1474,333,755,0.441,107,313,0.342,226,442,0.511,0.512,246,275,0.895,40,121,161,266,48,12,97,91,1019,0,,bookede01
Zach LaVine,29,CHI,SF,42,42,1432,363,710,0.511,136,305,0.446,227,405,0.56,0.607,145,182,0.797,12,190,202,189,39,10,121,64,1007,0,,lavinza01
Tyrese Maxey,24,PHI,PG,37,37,1403,341,790,0.432,121,357,0.339,220,433,0.508,0.508,182,211,0.863,9,120,129,223,73,16,90,80,985,1,,maxeyty01
Darius Garland,25,CLE,PG,45,45,1366,350,701,0.499,134,315,0.425,216,386,0.56,0.595,143,162,0.883,26,88,114,306,49,9,109,89,977,0,,garlada01
LeBron James,40,LAL,SF,41,41,1430,377,739,0.51,87,227,0.383,290,512,0.566,0.569,128,169,0.757,38,273,311,367,35,23,155,54,969,9,,jamesle01
Trae Young,26,ATL,PG,42,42,1515,292,728,0.401,122,354,0.345,170,374,0.455,0.485,250,293,0.853,22,119,141,482,55,10,193,82,956,0,,youngtr01
Jalen Green,22,HOU,SG,45,45,1476,331,772,0.429,129,359,0.359,202,413,0.489,0.512,162,186,0.871,24,168,192,127,42,14,109,78,953,0,,greenja05
Kevin Durant,36,PHO,PF,35,35,1262,343,656,0.523,80,201,0.398,263,455,0.578,0.584,183,220,0.832,16,207,223,144,28,45,110,58,949,0,,duranke01
Damian Lillard,34,MIL,PG,37,37,1344,291,642,0.453,128,334,0.383,163,308,0.529,0.553,233,253,0.921,20,154,174,271,46,8,109,66,943,2,,lillada01
James Harden,35,LAC,PG,43,43,1448,272,684,0.398,124,356,0.348,148,328,0.451,0.488,266,297,0.896,25,229,254,357,61,27,197,90,934,2,,hardeja01
Victor Wembanyama,21,SAS,C,38,38,1261,342,718,0.476,122,346,0.353,220,372,0.591,0.561,124,147,0.844,66,344,410,141,42,150,132,80,930,1,,wembavi01
Nikola Vučević,34,CHI,C,46,46,1489,379,690,0.549,86,216,0.398,293,474,0.618,0.612,82,100,0.82,110,364,474,160,43,31,73,111,926,0,,vucevni01
Jaylen Brown,28,BOS,SF,40,40,1419,341,756,0.451,80,250,0.32,261,506,0.516,0.504,163,219,0.744,59,180,239,191,50,12,107,100,925,0,,brownja02
Jalen Williams,23,OKC,SG,44,44,1442,355,747,0.475,76,219,0.347,279,528,0.528,0.526,139,176,0.79,35,209,244,230,79,33,101,110,925,0,,willija06
Norman Powell,31,LAC,SG,38,38,1257,315,641,0.491,131,302,0.434,184,339,0.543,0.594,148,176,0.841,14,120,134,83,53,7,80,74,909,0,,powelno01
Pascal Siakam,30,IND,PF,45,45,1492,351,667,0.526,78,189,0.413,273,478,0.571,0.585,127,171,0.743,81,250,331,155,41,18,58,117,907,0,,siakapa01
Domantas Sabonis,28,SAC,C,43,43,1557,357,586,0.609,50,104,0.481,307,482,0.637,0.652,141,184,0.766,171,455,626,278,27,19,132,154,905,7,,sabondo01
Kyrie Irving,32,DAL,SG,37,37,1325,328,680,0.482,109,258,0.422,219,422,0.519,0.563,128,142,0.901,36,130,166,180,46,13,85,80,893,0,,irvinky01
DeMar DeRozan,35,SAC,SF,41,41,1471,331,680,0.487,35,108,0.324,296,572,0.517,0.513,191,221,0.864,22,135,157,148,48,18,57,84,888,0,,derozde01
LaMelo Ball,23,CHO,PG,31,31,1031,302,721,0.419,128,380,0.337,174,341,0.51,0.508,141,172,0.82,30,133,163,226,43,10,115,107,873,0,,ballla01
Julius Randle,30,MIN,PF,46,46,1518,303,650,0.466,71,216,0.329,232,434,0.535,0.521,194,239,0.812,102,234,336,207,32,11,136,118,871,0,,randlju01
Alperen Şengün,22,HOU,C,45,45,1412,343,701,0.489,15,65,0.231,328,636,0.516,0.5,161,229,0.703,155,312,467,229,58,37,108,124,862,3,,sengual01
Mikal Bridges,28,NYK,SF,47,47,1805,352,708,0.497,114,317,0.36,238,391,0.609,0.578,42,56,0.75,43,105,148,155,45,24,74,67,860,0,,bridgmi01
RJ Barrett,24,TOR,SF,38,38,1272,311,661,0.47,71,203,0.35,240,458,0.524,0.524,142,212,0.67,39,215,254,220,30,13,118,93,835,2,,barrerj01
Michael Porter Jr.,26,DEN,SF,46,46,1528,315,616,0.511,119,290,0.41,196,326,0.601,0.608,84,116,0.724,72,223,295,102,29,20,61,85,833,0,,portemi01
Stephen Curry,36,GSW,PG,37,37,1172,278,628,0.443,158,392,0.403,120,236,0.508,0.568,112,120,0.933,19,157,176,235,42,17,111,45,826,0,,curryst01
Jordan Poole,25,WAS,SG,38,38,1184,261,617,0.423,141,352,0.401,120,265,0.453,0.537,143,165,0.867,18,99,117,189,61,16,129,121,806,0,,poolejo01
Jamal Murray,27,DEN,PG,40,40,1438,294,647,0.454,84,226,0.372,210,421,0.499,0.519,121,140,0.864,23,138,161,239,60,23,90,67,793,0,,murraja01
Tyrese Haliburton,24,IND,PG,44,44,1508,274,609,0.45,128,351,0.365,146,258,0.566,0.555,116,135,0.859,28,129,157,381,54,27,79,57,792,0,,halibty01
Collin Sexton,26,UTA,SG,42,40,1215,274,578,0.474,80,197,0.406,194,381,0.509,0.543,143,161,0.888,46,76,122,172,29,4,108,91,771,0,,sextoco01
Anfernee Simons,25,POR,SG,42,42,1352,273,645,0.423,125,339,0.369,148,306,0.484,0.52,100,111,0.901,13,103,116,199,36,3,91,76,771,0,,simonan01
OG Anunoby,27,NYK,PF,47,47,1722,288,605,0.476,95,271,0.351,193,334,0.578,0.555,95,118,0.805,62,164,226,97,69,41,62,109,766,0,,anunoog01
Malik Beasley,28,DET,SG,46,11,1286,262,611,0.429,171,423,0.404,91,188,0.484,0.569,54,79,0.684,25,111,136,83,41,2,52,65,749,0,,beaslma01
CJ McCollum,33,NOP,PG,34,34,1135,280,623,0.449,105,283,0.371,175,340,0.515,0.534,82,117,0.701,24,101,125,128,27,19,57,80,747,0,,mccolcj01
Coby White,24,CHI,SG,40,40,1305,249,570,0.437,120,330,0.364,129,240,0.538,0.542,111,127,0.874,14,122,136,186,41,8,96,93,729,0,,whiteco01
Evan Mobley,23,CLE,PF,40,40,1204,278,490,0.567,45,111,0.405,233,379,0.615,0.613,124,164,0.756,84,273,357,114,37,57,79,79,725,0,,mobleev01
Bennedict Mathurin,22,IND,SF,44,39,1413,256,544,0.471,68,187,0.364,188,357,0.527,0.533,142,173,0.821,55,205,260,83,29,16,91,113,722,0,,mathube01
Austin Reaves,26,LAL,SG,39,39,1367,238,537,0.443,100,277,0.361,138,260,0.531,0.536,140,167,0.838,33,129,162,237,43,6,93,78,716,1,,reaveau01
Derrick White,30,BOS,SG,44,44,1479,241,556,0.433,144,389,0.37,97,167,0.581,0.563,75,90,0.833,44,148,192,181,39,53,72,87,701,0,,whitede01
Bam Adebayo,27,MIA,C,44,44,1483,268,583,0.46,29,106,0.274,239,477,0.501,0.485,130,179,0.726,109,329,438,200,60,33,93,97,695,1,,adebaba01
Franz Wagner,23,ORL,SF,28,28,923,249,539,0.462,57,180,0.317,192,359,0.535,0.515,136,156,0.872,24,132,156,152,43,13,69,65,691,0,,wagnefr01
Malik Monk,26,SAC,SG,38,25,1204,246,549,0.448,88,264,0.333,158,285,0.554,0.528,101,115,0.878,13,126,139,220,39,20,75,99,681,0,,monkma01
Jalen Johnson,23,ATL,SF,36,36,1284,271,542,0.5,44,141,0.312,227,401,0.566,0.541,94,126,0.746,62,297,359,181,56,36,106,67,680,1,,johnsja05
Cameron Johnson,28,BRK,PF,35,35,1131,226,460,0.491,112,267,0.419,114,193,0.591,0.613,115,128,0.898,25,117,142,103,28,17,60,62,679,0,,johnsca02
Desmond Bane,26,MEM,SG,38,37,1135,253,509,0.497,85,219,0.388,168,290,0.579,0.581,80,93,0.86,32,174,206,209,48,17,96,90,671,0,,banede01
Lauri Markkanen,27,UTA,PF,34,34,1082,216,507,0.426,101,290,0.348,115,217,0.53,0.526,137,157,0.873,58,151,209,62,26,11,47,59,670,0,,markkla01
Andrew Wiggins,29,GSW,SF,39,39,1158,233,520,0.448,84,222,0.378,149,298,0.5,0.529,117,147,0.796,58,123,181,88,36,29,52,65,667,0,,wiggian01
Scottie Barnes,23,TOR,PF,33,33,1150,252,552,0.457,46,169,0.272,206,383,0.538,0.498,115,152,0.757,56,215,271,217,51,31,107,70,665,1,,barnesc01
Payton Pritchard,27,BOS,PG,47,0,1298,231,496,0.466,152,366,0.415,79,130,0.608,0.619,50,59,0.847,65,107,172,159,39,7,46,76,664,0,,pritcpa01
Ivica Zubac,27,LAC,C,44,44,1398,297,484,0.614,0,0,,297,484,0.614,0.614,70,123,0.569,167,387,554,112,31,52,78,85,664,0,,zubaciv01
Shaedon Sharpe,21,POR,SG,38,31,1177,246,555,0.443,72,232,0.31,174,323,0.539,0.508,95,120,0.792,27,124,151,96,29,10,75,72,659,0,,sharpsh01
Trey Murphy III,24,NOP,SF,31,29,1089,218,490,0.445,92,263,0.35,126,227,0.555,0.539,128,144,0.889,30,127,157,93,38,25,50,73,656,0,,murphtr02
Myles Turner,28,IND,C,42,42,1308,233,486,0.479,86,219,0.393,147,267,0.551,0.568,94,126,0.746,57,230,287,63,35,82,81,119,646,0,,turnemy01
Christian Braun,23,DEN,SG,45,45,1460,251,436,0.576,43,114,0.377,208,322,0.646,0.625,98,119,0.824,57,152,209,89,48,26,45,101,643,0,,braunch01
Josh Hart,29,NYK,SG,46,46,1730,243,438,0.555,55,154,0.357,188,284,0.662,0.618,99,121,0.818,105,345,450,262,70,17,89,123,640,6,,hartjo01
Jarrett Allen,26,CLE,C,46,46,1333,262,373,0.702,0,1,0,262,372,0.704,0.702,114,157,0.726,121,337,458,90,43,44,52,69,638,0,,allenja01
Fred VanVleet,30,HOU,PG,42,42,1507,220,562,0.391,116,330,0.352,104,232,0.448,0.495,81,99,0.818,30,140,170,248,70,19,66,104,637,0,,vanvlfr01
Dennis Schröder,31,2TM,SG,43,40,1301,224,534,0.419,85,240,0.354,139,294,0.473,0.499,99,114,0.868,11,96,107,240,41,6,101,109,632,0,,schrode01
Gradey Dick,21,TOR,SG,40,40,1192,215,518,0.415,90,260,0.346,125,258,0.484,0.502,108,122,0.885,28,104,132,83,33,7,65,94,628,0,,dickgr01
Naz Reid,25,MIN,C,46,0,1165,232,479,0.484,96,233,0.412,136,246,0.553,0.585,67,85,0.788,43,192,235,80,35,38,57,110,627,0,,reidna01
Deni Avdija,24,POR,SF,43,25,1236,210,451,0.466,64,186,0.344,146,265,0.551,0.537,142,185,0.768,55,225,280,149,47,25,105,94,626,0,,avdijde01
Luka Dončić,25,DAL,PG,22,22,785,216,466,0.464,75,212,0.354,141,254,0.555,0.544,112,146,0.767,16,167,183,172,44,9,75,58,619,3,,doncilu01
De'Andre Hunter,27,ATL,SF,32,2,906,199,430,0.463,85,211,0.403,114,219,0.521,0.562,132,154,0.857,20,97,117,48,27,4,49,76,615,0,,huntede01
Russell Westbrook,36,DEN,PG,46,25,1265,228,479,0.476,55,163,0.337,173,316,0.547,0.533,94,147,0.639,61,170,231,296,70,23,136,115,605,3,,westbru01
Jakob Poeltl,29,TOR,C,41,40,1282,264,427,0.618,0,2,0,264,425,0.621,0.618,74,114,0.649,148,278,426,111,49,52,81,138,602,0,,poeltja01
Amen Thompson,22,HOU,SF,42,15,1285,222,395,0.562,14,56,0.25,208,339,0.614,0.58,116,167,0.695,116,226,342,115,57,47,82,96,574,1,,thompam01
Kelly Oubre Jr.,29,PHI,SF,41,38,1378,218,475,0.459,50,174,0.287,168,301,0.558,0.512,84,113,0.743,68,184,252,70,61,20,53,122,570,0,,oubreke01
Ja Morant,25,MEM,PG,28,28,796,195,438,0.445,41,134,0.306,154,304,0.507,0.492,138,170,0.812,18,99,117,210,35,9,109,51,569,1,,moranja01
Brandon Miller,22,CHO,SF,27,27,924,198,491,0.403,104,293,0.355,94,198,0.475,0.509,68,79,0.861,25,106,131,98,29,20,76,74,568,0,,millebr02
Jalen Suggs,23,ORL,PG,35,35,1002,197,481,0.41,76,242,0.314,121,239,0.506,0.489,97,110,0.882,23,118,141,129,51,33,102,98,567,0,,suggsja01
Dillon Brooks,29,HOU,SF,42,42,1351,204,489,0.417,98,255,0.384,106,234,0.453,0.517,55,65,0.846,51,107,158,65,36,10,42,143,561,0,,brookdi01
Daniel Gafford,26,DAL,C,45,22,946,226,325,0.695,0,0,,226,325,0.695,0.695,108,154,0.701,119,176,295,59,20,77,52,119,560,0,,gaffoda01
P.J. Washington,26,DAL,PF,40,39,1310,200,460,0.435,60,166,0.361,140,294,0.476,0.5,99,133,0.744,60,264,324,89,50,39,74,99,559,0,,washipj01
Dyson Daniels,21,ATL,SG,41,41,1378,237,505,0.469,47,151,0.311,190,354,0.537,0.516,34,60,0.567,72,140,212,148,127,31,77,103,555,0,,daniedy01
Tobias Harris,32,DET,PF,44,44,1405,209,474,0.441,59,171,0.345,150,303,0.495,0.503,77,89,0.865,42,227,269,107,35,35,51,86,554,0,,harrito02
Keyonte George,21,UTA,PG,34,32,1074,183,476,0.384,91,268,0.34,92,208,0.442,0.48,94,116,0.81,16,102,118,197,27,6,98,61,551,0,,georgke01
Jaylen Wells,21,MEM,SG,47,42,1227,192,437,0.439,93,240,0.388,99,197,0.503,0.546,74,88,0.841,51,101,152,79,27,5,47,88,551,0,,wellsja01
Bobby Portis,29,MIL,PF,41,5,1011,224,481,0.466,52,143,0.364,172,338,0.509,0.52,49,60,0.817,70,255,325,81,28,21,50,72,549,0,,portibo01
Miles Bridges,26,CHO,PF,29,29,918,197,450,0.438,61,196,0.311,136,254,0.535,0.506,93,106,0.877,26,187,213,106,20,17,60,46,548,0,,bridgmi02
Klay Thompson,34,DAL,SF,40,40,1097,194,467,0.415,120,307,0.391,74,160,0.463,0.544,36,40,0.9,23,111,134,79,35,18,57,46,544,0,,thompkl01
Bradley Beal,31,PHO,SG,32,23,1052,209,433,0.483,66,169,0.391,143,264,0.542,0.559,57,74,0.77,22,90,112,107,35,22,62,82,541,0,,bealbr01
Buddy Hield,32,GSW,SG,45,13,1054,193,467,0.413,120,324,0.37,73,143,0.51,0.542,35,42,0.833,27,120,147,69,40,13,55,81,541,0,,hieldbu01
Jonathan Kuminga,22,GSW,PF,32,10,832,194,423,0.459,40,116,0.345,154,307,0.502,0.506,108,169,0.639,44,115,159,70,29,18,50,61,536,0,,kuminjo01
Brook Lopez,36,MIL,C,44,44,1420,202,418,0.483,82,222,0.369,120,196,0.612,0.581,50,63,0.794,49,163,212,74,33,88,44,94,536,0,,lopezbr01
Jaden Ivey,22,DET,SG,30,30,898,190,413,0.46,63,154,0.409,127,259,0.49,0.536,85,116,0.733,40,84,124,119,28,11,89,67,528,0,,iveyja01
Jonas Valančiūnas,32,WAS,C,45,8,883,217,385,0.564,7,25,0.28,210,360,0.583,0.573,85,95,0.895,106,257,363,98,21,28,80,84,526,0,,valanjo01
Paul George,34,PHI,PF,30,30,961,188,438,0.429,73,200,0.365,115,238,0.483,0.513,65,79,0.823,20,149,169,141,51,11,82,75,514,0,,georgpa01
Jerami Grant,30,POR,PF,35,35,1134,165,434,0.38,83,219,0.379,82,215,0.381,0.476,101,120,0.842,19,102,121,78,27,37,49,82,514,0,,grantje01
Dejounte Murray,28,NOP,PG,29,29,971,183,471,0.389,49,167,0.293,134,304,0.441,0.441,96,118,0.814,15,175,190,222,63,12,100,58,511,1,,murrade01
Bilal Coulibaly,20,WAS,SF,41,41,1367,184,438,0.42,42,158,0.266,142,280,0.507,0.468,99,130,0.762,59,149,208,140,54,32,84,102,509,0,,coulibi01
Keegan Murray,24,SAC,PF,43,43,1515,197,462,0.426,78,244,0.32,119,218,0.546,0.511,36,43,0.837,92,214,306,62,36,37,39,117,508,0,,murrake02
John Collins,27,UTA,PF,28,19,834,186,350,0.531,41,92,0.446,145,258,0.562,0.59,93,107,0.869,66,169,235,69,30,26,74,82,506,0,,collijo01
Tyus Jones,28,PHO,PG,44,44,1317,190,397,0.479,92,219,0.42,98,178,0.551,0.594,34,39,0.872,25,87,112,268,40,5,58,47,506,0,,jonesty01
Harrison Barnes,32,SAS,PF,43,43,1209,170,340,0.5,65,157,0.414,105,183,0.574,0.596,97,122,0.795,64,106,170,74,14,7,27,40,502,0,,barneha02
D'Angelo Russell,28,2TM,PG,38,16,989,170,412,0.413,77,222,0.347,93,190,0.489,0.506,85,95,0.895,10,96,106,203,36,12,70,74,502,0,,russeda01
Santi Aldama,24,MEM,PF,39,11,966,194,393,0.494,65,177,0.367,129,216,0.597,0.576,41,58,0.707,61,206,267,102,33,20,46,37,494,0,,aldamsa01
Josh Giddey,22,CHI,PG,43,43,1228,189,429,0.441,52,157,0.331,137,272,0.504,0.501,63,84,0.75,71,247,318,288,47,22,120,69,493,2,,giddejo01
Stephon Castle,20,SAS,PG,42,25,1063,177,443,0.4,41,158,0.259,136,285,0.477,0.446,96,134,0.716,34,73,107,152,32,11,81,71,491,0,,castlst01
Terry Rozier,30,MIA,PG,41,21,1161,179,443,0.404,60,208,0.288,119,235,0.506,0.472,68,77,0.883,32,137,169,119,24,13,62,58,486,0,,roziete01
Jaden McDaniels,24,MIN,PF,46,46,1424,192,417,0.46,58,174,0.333,134,243,0.551,0.53,42,55,0.764,67,173,240,73,67,40,48,135,484,0,,mcdanja02
Scoot Henderson,20,POR,PG,39,7,1038,164,383,0.428,55,155,0.355,109,228,0.478,0.5,99,129,0.767,27,88,115,200,43,12,108,106,482,0,,hendesc01
Duncan Robinson,30,MIA,SF,43,25,1047,172,405,0.425,110,291,0.378,62,114,0.544,0.56,28,32,0.875,13,94,107,117,24,5,45,89,482,0,,robindu01
Keldon Johnson,25,SAS,SF,40,0,957,181,393,0.461,42,146,0.288,139,247,0.563,0.514,77,100,0.77,52,144,196,56,25,11,34,57,481,0,,johnske04
Rudy Gobert,32,MIN,C,46,46,1520,185,285,0.649,0,0,,185,285,0.649,0.649,109,160,0.681,152,320,472,81,30,67,62,114,479,0,,goberru01
Julian Champagnie,23,SAS,SF,43,26,1124,162,386,0.42,104,283,0.367,58,103,0.563,0.554,46,51,0.902,34,152,186,53,29,20,45,63,474,0,,champju02
Amir Coffey,27,LAC,SG,45,10,1182,163,344,0.474,69,167,0.413,94,177,0.531,0.574,75,83,0.904,23,92,115,52,27,4,33,73,470,0,,coffeam01
Ty Jerome,27,CLE,SG,43,2,790,169,331,0.511,64,146,0.438,105,185,0.568,0.607,68,77,0.883,30,70,100,140,50,1,50,61,470,0,,jeromty01
Alex Sarr,19,WAS,C,41,41,1098,178,448,0.397,58,189,0.307,120,259,0.463,0.462,56,87,0.644,75,197,272,90,27,64,57,97,470,0,,sarral01
Cam Thomas,23,BRK,SG,19,17,614,151,337,0.448,54,144,0.375,97,193,0.503,0.528,113,129,0.876,10,58,68,64,14,1,51,36,469,0,,thomaca02
Spencer Dinwiddie,31,DAL,PG,45,15,1126,146,359,0.407,62,181,0.343,84,178,0.472,0.493,111,128,0.867,10,102,112,165,42,9,51,73,465,0,,dinwisp01
Tim Hardaway Jr.,32,DET,SG,42,42,1198,150,358,0.419,90,239,0.377,60,119,0.504,0.545,74,89,0.831,7,84,91,65,20,1,29,53,464,0,,hardati02
Jrue Holiday,34,BOS,PG,40,40,1218,167,374,0.447,75,211,0.355,92,163,0.564,0.547,49,55,0.891,45,127,172,148,39,18,54,61,458,0,,holidjr01
Onyeka Okongwu,24,ATL,C,39,5,957,179,325,0.551,16,62,0.258,163,263,0.62,0.575,84,111,0.757,112,191,303,75,33,34,38,90,458,0,,okongon01
Derrick Jones Jr.,27,LAC,SF,44,41,1088,182,350,0.52,45,122,0.369,137,228,0.601,0.584,48,60,0.8,57,100,157,36,55,15,41,90,457,0,,jonesde02
Scotty Pippen Jr.,24,MEM,PG,47,16,1010,170,367,0.463,47,134,0.351,123,233,0.528,0.527,68,100,0.68,38,121,159,213,56,16,87,120,455,1,,pippesc02
Devin Vassell,24,SAS,SG,28,17,835,169,382,0.442,66,173,0.382,103,209,0.493,0.529,50,64,0.781,20,85,105,87,34,16,47,46,454,0,,vassede01
Quentin Grimes,24,DAL,SG,44,12,1016,158,342,0.462,76,189,0.402,82,153,0.536,0.573,60,78,0.769,29,146,175,98,29,9,57,72,452,0,,grimequ01
Rui Hachimura,26,LAL,PF,37,37,1185,170,349,0.487,55,134,0.41,115,215,0.535,0.566,55,71,0.775,60,135,195,56,33,19,35,68,450,0,,hachiru01
Corey Kispert,25,WAS,SF,40,0,1071,162,368,0.44,76,214,0.355,86,154,0.558,0.543,49,57,0.86,23,96,119,65,22,7,40,61,449,0,,kispeco01
Ayo Dosunmu,25,CHI,SG,36,18,1094,172,352,0.489,50,148,0.338,122,204,0.598,0.56,51,65,0.785,23,110,133,161,30,15,46,81,445,1,,dosunay01
T.J. McConnell,32,IND,PG,44,0,834,201,380,0.529,7,26,0.269,194,354,0.548,0.538,34,46,0.739,25,88,113,196,52,13,66,46,443,0,,mccontj01
Deandre Ayton,26,POR,C,32,32,959,208,366,0.568,6,30,0.2,202,336,0.601,0.577,20,33,0.606,95,231,326,47,24,31,54,68,442,0,,aytonde01
Toumani Camara,24,POR,PF,44,44,1384,164,375,0.437,66,187,0.353,98,188,0.521,0.525,48,67,0.716,98,146,244,90,62,25,64,131,442,0,,camarto01
Chris Boucher,32,TOR,PF,41,0,716,159,315,0.505,60,162,0.37,99,153,0.647,0.6,62,78,0.795,53,127,180,25,23,23,24,54,440,0,,bouchch01
Donte DiVincenzo,28,MIN,SG,40,8,1057,148,373,0.397,103,279,0.369,45,94,0.479,0.535,41,50,0.82,23,124,147,144,48,7,71,62,440,0,,divindo01
Jalen Duren,21,DET,C,43,43,1091,183,263,0.696,0,0,,183,263,0.696,0.696,70,110,0.636,147,277,424,96,27,53,83,141,436,0,,durenja01
Jalen Wilson,24,BRK,PF,46,12,1265,147,384,0.383,63,209,0.301,84,175,0.48,0.465,76,90,0.844,49,111,160,89,25,2,55,105,433,0,,wilsoja03
Guerschon Yabusele,29,PHI,C,42,20,1096,157,315,0.498,65,165,0.394,92,150,0.613,0.602,54,78,0.692,80,151,231,84,28,19,55,108,433,0,,yabusgu01
Jimmy Butler,35,MIA,PF,25,25,766,142,263,0.54,13,36,0.361,129,227,0.568,0.565,129,161,0.801,55,76,131,120,27,10,30,23,426,1,,butleji01
Julian Strawther,22,DEN,SG,46,0,1003,150,347,0.432,70,189,0.37,80,158,0.506,0.533,56,67,0.836,13,83,96,63,31,12,38,112,426,0,,strawju01
Aaron Wiggins,26,OKC,SG,45,13,944,169,347,0.487,59,161,0.366,110,186,0.591,0.572,29,35,0.829,44,109,153,69,34,11,39,59,426,0,,wiggiaa01
Clint Capela,30,ATL,C,45,41,1010,189,330,0.573,0,0,,189,330,0.573,0.573,46,85,0.541,147,258,405,54,27,45,44,90,424,0,,capelca01
Kentavious Caldwell-Pope,31,ORL,SG,46,46,1417,147,354,0.415,70,223,0.314,77,131,0.588,0.514,57,65,0.877,16,72,88,87,72,25,42,88,421,0,,caldwke01
Zaccharie Risacher,19,ATL,SF,40,38,946,158,395,0.4,47,166,0.283,111,229,0.485,0.459,58,82,0.707,53,89,142,48,32,21,49,82,421,0,,risacza01
Obi Toppin,26,IND,PF,42,0,807,162,302,0.536,50,142,0.352,112,160,0.7,0.619,47,58,0.81,29,138,167,69,30,15,27,59,421,0,,toppiob01
Luguentz Dort,25,OKC,SF,43,43,1248,145,350,0.414,99,239,0.414,46,111,0.414,0.556,30,37,0.811,59,126,185,74,45,28,31,133,419,0,,dortlu01
Ochai Agbaji,24,TOR,SG,40,33,1139,168,331,0.508,62,154,0.403,106,177,0.599,0.601,19,28,0.679,36,112,148,67,31,21,31,83,417,0,,agbajoc01
Brandon Boston Jr.,23,NOP,SG,39,10,927,153,351,0.436,45,130,0.346,108,221,0.489,0.5,64,79,0.81,27,99,126,90,47,8,48,66,415,0,,bostobr01
Keon Johnson,22,BRK,SG,45,25,1005,151,406,0.372,65,216,0.301,86,190,0.453,0.452,46,61,0.754,29,114,143,80,38,12,57,114,413,0,,johnske07
Kristaps Porziņģis,29,BOS,C,22,22,615,139,290,0.479,51,126,0.405,88,164,0.537,0.567,84,99,0.848,39,115,154,40,13,31,21,58,413,0,,porzikr01
Anthony Black,21,ORL,PG,44,6,1102,144,350,0.411,28,104,0.269,116,246,0.472,0.451,94,127,0.74,24,92,116,155,47,25,88,102,410,0,,blackan01
Chris Paul,39,SAS,PG,43,43,1253,135,322,0.419,75,206,0.364,60,116,0.517,0.536,62,64,0.969,21,160,181,353,57,10,70,81,407,0,,paulch01
Dalton Knecht,23,LAL,SF,44,12,919,146,319,0.458,68,194,0.351,78,125,0.624,0.564,42,52,0.808,24,113,137,41,16,3,21,60,402,0,,knechda01
Carlton Carrington,19,WAS,PG,45,34,1341,148,374,0.396,71,209,0.34,77,165,0.467,0.491,34,42,0.81,16,170,186,173,34,9,68,111,401,0,,carrica01
Kyle Kuzma,29,WAS,PF,28,26,768,160,382,0.419,35,128,0.273,125,254,0.492,0.465,46,78,0.59,25,135,160,73,19,7,66,47,401,0,,kuzmaky01
Brandon Ingram,27,NOP,SF,18,18,595,155,333,0.465,43,115,0.374,112,218,0.514,0.53,47,55,0.855,17,83,100,93,16,11,69,45,400,0,,ingrabr01
Grayson Allen,29,PHO,SG,36,1,879,126,279,0.452,88,205,0.429,38,74,0.514,0.609,59,71,0.831,21,95,116,65,32,10,37,48,399,0,,allengr01
Walker Kessler,23,UTA,C,35,35,1041,170,232,0.733,2,4,0.5,168,228,0.737,0.737,52,95,0.547,158,242,400,53,18,85,49,75,394,0,,kesslwa01
Yves Missi,20,NOP,C,44,38,1181,155,274,0.566,0,1,0,155,273,0.568,0.566,84,127,0.661,154,199,353,62,25,65,51,94,394,0,,missiyv01
Georges Niang,31,CLE,PF,46,1,937,149,316,0.472,80,201,0.398,69,115,0.6,0.598,16,21,0.762,32,141,173,64,16,6,46,111,394,0,,niangge01
Jabari Smith Jr.,21,HOU,PF,33,33,1021,136,313,0.435,56,158,0.354,80,155,0.516,0.524,65,75,0.867,59,156,215,33,12,32,30,75,393,0,,smithja05
Gary Trent Jr.,26,MIL,SG,39,7,970,135,305,0.443,89,203,0.438,46,102,0.451,0.589,31,34,0.912,6,81,87,38,38,2,25,77,390,0,,trentga02
Tristan Da Silva,23,ORL,SF,44,34,1159,147,351,0.419,58,175,0.331,89,176,0.506,0.501,37,44,0.841,58,125,183,79,21,10,41,68,389,0,,dasiltr01
Nic Claxton,25,BRK,C,40,32,1053,168,311,0.54,1,13,0.077,167,298,0.56,0.542,49,93,0.527,81,223,304,81,38,44,48,83,386,0,,claxtni01
Moritz Wagner,27,ORL,C,30,1,564,140,249,0.562,27,75,0.36,113,174,0.649,0.616,79,110,0.718,40,108,148,42,24,12,49,55,386,0,,wagnemo01
Isaiah Joe,25,OKC,SG,41,11,848,136,318,0.428,96,247,0.389,40,71,0.563,0.579,16,21,0.762,19,86,105,56,31,6,19,66,384,0,,joeis01
Jaime Jaquez Jr.,23,MIA,SF,40,10,952,138,312,0.442,26,82,0.317,112,230,0.487,0.484,79,105,0.752,49,141,190,110,48,7,63,65,381,1,,jaqueja01
Nickeil Alexander-Walker,26,MIN,SG,46,2,1053,138,308,0.448,72,180,0.4,66,128,0.516,0.565,32,46,0.696,27,104,131,107,28,15,58,77,380,0,,alexani01
Kevin Porter Jr.,24,LAC,SG,41,2,809,154,372,0.414,24,99,0.242,130,273,0.476,0.446,47,73,0.644,23,119,142,133,42,11,78,62,379,0,,porteke02
Caris LeVert,30,CLE,SF,35,2,843,131,277,0.473,58,138,0.42,73,139,0.525,0.578,58,83,0.699,20,82,102,132,31,19,47,45,378,0,,leverca01
Peyton Watson,22,DEN,SF,46,12,1112,136,291,0.467,32,93,0.344,104,198,0.525,0.522,74,99,0.747,38,122,160,69,41,59,41,77,378,0,,watsope01
Nikola Jović,21,MIA,PF,36,10,868,127,284,0.447,58,155,0.374,69,129,0.535,0.549,65,76,0.855,22,121,143,99,31,11,43,59,377,0,,jovicni01
Naji Marshall,27,DAL,SF,34,14,841,148,294,0.503,30,96,0.313,118,198,0.596,0.554,47,54,0.87,30,93,123,87,34,3,50,50,373,0,,marshna01
Royce O'Neale,31,PHO,SF,39,10,979,130,306,0.425,89,220,0.405,41,86,0.477,0.57,17,22,0.773,35,172,207,79,37,21,41,84,366,0,,onealro01
Jordan Clarkson,32,UTA,SG,23,3,584,123,300,0.41,45,129,0.349,78,171,0.456,0.485,74,92,0.804,15,62,77,89,19,7,56,36,365,0,,clarkjo01
Trayce Jackson-Davis,24,GSW,C,44,36,882,156,273,0.571,0,1,0,156,272,0.574,0.571,50,84,0.595,106,177,283,96,21,34,39,64,362,0,,jackstr02
Max Christie,21,LAL,SG,43,22,1069,117,265,0.442,55,148,0.372,62,117,0.53,0.545,70,82,0.854,25,87,112,59,34,20,37,64,359,0,,chrisma02
Goga Bitadze,25,ORL,C,37,33,909,150,240,0.625,2,19,0.105,148,221,0.67,0.629,53,79,0.671,101,204,305,88,32,60,51,88,355,0,,bitadgo01
Cole Anthony,24,ORL,PG,43,8,702,131,321,0.408,38,124,0.306,93,197,0.472,0.467,52,68,0.765,26,95,121,118,25,12,68,89,352,0,,anthoco01
Jared McCain,20,PHI,SG,23,8,592,126,274,0.46,51,133,0.383,75,141,0.532,0.553,49,56,0.875,13,43,56,60,15,0,37,37,352,0,,mccaija01
Noah Clowney,20,BRK,PF,37,18,853,112,299,0.375,74,209,0.354,38,90,0.422,0.498,51,60,0.85,35,110,145,30,19,19,38,87,349,0,,clownno01
Jalen Smith,24,CHI,C,43,1,651,123,265,0.464,49,144,0.34,74,121,0.612,0.557,54,65,0.831,64,171,235,36,12,32,27,67,349,0,,smithja04
Jordan Hawkins,22,NOP,SG,31,5,727,117,317,0.369,62,185,0.335,55,132,0.417,0.467,49,59,0.831,12,65,77,29,21,13,28,24,345,0,,hawkijo01
Brice Sensabaugh,21,UTA,SF,34,0,616,124,265,0.468,66,164,0.402,58,101,0.574,0.592,31,33,0.939,20,71,91,46,19,3,52,48,345,0,,sensabr01
Brandon Clarke,28,MEM,PF,44,18,816,152,248,0.613,1,16,0.063,151,232,0.651,0.615,35,51,0.686,79,141,220,44,37,23,27,105,340,0,,clarkbr01
Miles McBride,24,NYK,PG,37,0,863,122,292,0.418,63,171,0.368,59,121,0.488,0.526,33,40,0.825,31,61,92,105,31,7,28,57,340,0,,mcbrimi01
Patrick Williams,23,CHI,PF,37,35,987,120,323,0.372,60,171,0.351,60,152,0.395,0.464,39,48,0.813,25,121,146,81,29,22,49,49,339,0,,willipa01
Jay Huff,26,MEM,C,42,1,564,119,227,0.524,63,151,0.417,56,76,0.737,0.663,37,48,0.771,22,75,97,29,11,40,28,62,338,0,,huffja01
Keon Ellis,25,SAC,SG,44,10,948,111,228,0.487,72,161,0.447,39,67,0.582,0.645,43,50,0.86,34,70,104,55,61,33,33,82,337,0,,elliske01
Mike Conley,37,MIN,PG,42,36,1034,105,287,0.366,74,194,0.381,31,93,0.333,0.495,52,58,0.897,21,91,112,182,57,8,46,60,336,0,,conlemi01
Paolo Banchero,22,ORL,PF,14,14,470,113,258,0.438,27,78,0.346,86,180,0.478,0.49,82,127,0.646,19,91,110,69,8,11,48,31,335,0,,banchpa01
Tari Eason,23,HOU,PF,30,0,687,127,271,0.469,30,92,0.326,97,179,0.542,0.524,50,67,0.746,61,121,182,34,60,25,24,74,334,0,,easonta01
Luke Kennard,28,MEM,SG,34,2,735,110,227,0.485,77,157,0.49,33,70,0.471,0.654,35,39,0.897,23,79,102,115,21,3,35,27,332,0,,kennalu01
Cason Wallace,21,OKC,SG,44,30,1224,136,303,0.449,45,132,0.341,91,171,0.532,0.523,14,18,0.778,49,107,156,108,76,25,32,100,331,0,,wallaca01
Kevin Huerter,26,SAC,SG,41,15,882,125,303,0.413,60,199,0.302,65,104,0.625,0.512,20,28,0.714,19,99,118,71,36,16,37,70,330,0,,huertke01
Jake LaRavia,23,MEM,PF,43,0,928,114,232,0.491,38,87,0.437,76,145,0.524,0.573,64,90,0.711,61,129,190,129,38,19,66,87,330,0,,laravja01
Taurean Prince,30,MIL,SF,44,37,1134,115,253,0.455,76,164,0.463,39,89,0.438,0.605,17,22,0.773,24,139,163,89,37,6,45,84,323,0,,princta02
Dalano Banton,25,POR,PG,37,0,581,115,283,0.406,43,122,0.352,72,161,0.447,0.482,49,70,0.7,12,60,72,83,28,20,47,36,322,0,,bantoda01
Moses Moody,22,GSW,SG,38,4,673,112,255,0.439,62,156,0.397,50,99,0.505,0.561,36,49,0.735,18,57,75,42,18,13,27,51,322,0,,moodymo01
Aaron Gordon,29,DEN,PF,25,16,654,112,217,0.516,30,72,0.417,82,145,0.566,0.585,66,84,0.786,39,84,123,67,13,5,34,38,320,0,,gordoaa01
Andrew Nembhard,25,IND,SG,30,30,851,120,258,0.465,24,72,0.333,96,186,0.516,0.512,55,74,0.743,17,87,104,156,35,3,51,61,319,0,,nembhan01
Zach Edey,22,MEM,C,33,26,686,130,224,0.58,14,36,0.389,116,188,0.617,0.612,43,65,0.662,105,141,246,29,21,40,51,92,317,0,,edeyza01
Joel Embiid,30,PHI,C,13,13,383,99,219,0.452,16,49,0.327,83,170,0.488,0.489,103,112,0.92,22,81,103,50,11,13,41,29,317,0,,embiijo01
Jeremy Sochan,21,SAS,PF,24,19,669,123,233,0.528,12,40,0.3,111,193,0.575,0.554,51,70,0.729,64,126,190,60,22,14,45,55,309,0,,sochaje01
Mark Williams,23,CHO,C,20,17,486,123,202,0.609,0,1,0,123,201,0.612,0.609,63,84,0.75,66,121,187,50,14,23,22,53,309,0,,willima07
Cody Martin,29,CHO,SF,39,8,967,116,268,0.433,40,124,0.323,76,144,0.528,0.507,34,49,0.694,40,136,176,89,43,26,42,72,306,0,,martico01
Josh Green,24,CHO,SG,41,40,1158,106,249,0.426,61,148,0.412,45,101,0.446,0.548,32,45,0.711,44,73,117,59,46,11,38,115,305,0,,greenjo02
Wendell Carter Jr.,25,ORL,C,35,26,903,107,242,0.442,16,82,0.195,91,160,0.569,0.475,74,104,0.712,64,192,256,81,30,20,35,100,304,0,,cartewe01
Cameron Payne,30,NYK,PG,41,1,600,107,250,0.428,62,155,0.4,45,95,0.474,0.552,27,30,0.9,11,48,59,103,26,11,28,72,303,0,,payneca01
Ziaire Williams,23,BRK,SF,33,16,746,101,256,0.395,40,127,0.315,61,129,0.473,0.473,61,76,0.803,34,118,152,46,33,12,36,84,303,0,,willizi02
A.J. Green,25,MIL,SG,38,4,827,101,226,0.447,88,199,0.442,13,27,0.481,0.642,12,14,0.857,10,79,89,48,19,4,21,82,302,0,,greenaj01
Jaden Hardy,22,DAL,SG,36,3,568,109,250,0.436,46,115,0.4,63,135,0.467,0.528,35,48,0.729,7,50,57,52,21,5,53,57,299,0,,hardyja02
Kyshawn George,21,WAS,SG,40,10,1028,101,293,0.345,56,202,0.277,45,91,0.495,0.44,38,50,0.76,30,117,147,89,34,24,52,120,296,0,,georgky01
Isaiah Hartenstein,26,OKC,C,25,24,747,125,220,0.568,0,11,0,125,209,0.598,0.568,46,71,0.648,73,231,304,105,21,31,49,73,296,0,,harteis01
Garrison Mathews,28,ATL,SG,37,2,690,85,210,0.405,71,179,0.397,14,31,0.452,0.574,55,67,0.821,11,54,65,55,25,11,26,65,296,0,,mathega01
Ron Holland,19,DET,SF,46,1,718,112,241,0.465,23,92,0.25,89,149,0.597,0.512,46,59,0.78,24,107,131,36,22,7,39,82,293,0,,hollaro01
Ryan Dunn,22,PHO,SF,40,24,802,119,263,0.452,44,139,0.317,75,124,0.605,0.536,10,21,0.476,40,97,137,37,21,26,16,95,292,0,,dunnry01
Sam Hauser,27,BOS,PF,39,7,783,105,242,0.434,80,207,0.386,25,35,0.714,0.599,2,2,1,26,88,114,40,28,8,12,41,292,0,,hausesa01
Dereck Lively II,20,DAL,C,32,25,768,124,177,0.701,0,0,,124,177,0.701,0.701,44,69,0.638,99,152,251,84,17,54,39,94,292,0,,livelde01
Al Horford,38,BOS,C,36,25,964,107,257,0.416,66,184,0.359,41,73,0.562,0.545,10,12,0.833,39,150,189,74,23,32,27,54,290,0,,horfoal01
Draymond Green,34,GSW,PF,34,32,946,100,241,0.415,46,127,0.362,54,114,0.474,0.51,40,65,0.615,35,169,204,186,35,38,84,105,286,0,,greendr01
Jarace Walker,21,IND,PF,45,1,756,103,220,0.468,44,113,0.389,59,107,0.551,0.568,34,53,0.642,17,132,149,66,43,16,51,77,284,0,,walkeja02
Caleb Martin,29,PHI,SF,31,24,943,101,232,0.435,33,87,0.379,68,145,0.469,0.506,46,74,0.622,43,93,136,69,34,20,43,63,281,0,,martica02
Haywood Highsmith,28,MIA,SF,43,34,1039,106,222,0.477,52,128,0.406,54,94,0.574,0.595,16,24,0.667,37,100,137,54,42,26,33,89,280,0,,highsha01
Dorian Finney-Smith,31,2TM,PF,31,22,838,99,212,0.467,62,145,0.428,37,67,0.552,0.613,19,29,0.655,44,81,125,40,27,12,22,76,279,0,,finnedo01
Zion Williamson,24,NOP,PF,12,12,342,106,207,0.512,2,10,0.2,104,197,0.528,0.517,64,101,0.634,37,63,100,58,13,16,41,37,278,0,,willizi01
Jonathan Isaac,27,ORL,PF,42,0,704,96,230,0.417,28,111,0.252,68,119,0.571,0.478,48,73,0.658,78,128,206,20,32,54,19,58,268,0,,isaacjo01
Brandin Podziemski,21,GSW,SG,32,8,771,103,246,0.419,36,115,0.313,67,131,0.511,0.492,24,32,0.75,33,109,142,103,32,7,31,48,266,0,,podzibr01
Simone Fontecchio,29,DET,SF,41,0,734,88,218,0.404,46,134,0.343,42,84,0.5,0.509,40,50,0.8,27,93,120,36,13,6,33,54,262,0,,fontesi01
Cam Whitmore,20,HOU,SF,26,0,427,100,226,0.442,33,102,0.324,67,124,0.54,0.515,28,38,0.737,21,61,82,21,15,7,23,23,261,0,,whitmca01
Javonte Green,31,NOP,SG,42,15,922,91,196,0.464,34,89,0.382,57,107,0.533,0.551,43,57,0.754,46,103,149,35,43,29,27,63,259,0,,greenja02
Sam Merrill,28,CLE,SG,39,2,715,85,228,0.373,66,197,0.335,19,31,0.613,0.518,22,23,0.957,18,56,74,63,21,7,17,69,258,0,,merrisa01
Kel'el Ware,20,MIA,C,30,4,504,105,186,0.565,23,54,0.426,82,132,0.621,0.626,24,33,0.727,31,114,145,15,18,31,22,38,257,0,,wareke01
Kris Dunn,30,LAC,PG,42,29,950,104,246,0.423,39,128,0.305,65,118,0.551,0.502,6,12,0.5,28,108,136,113,63,14,48,104,253,0,,dunnkr01
Tyrese Martin,25,BRK,SG,31,6,661,93,233,0.399,49,139,0.353,44,94,0.468,0.504,17,26,0.654,34,87,121,55,13,5,39,33,252,0,,martity01
Davion Mitchell,26,TOR,PG,41,21,1012,95,228,0.417,36,109,0.33,59,119,0.496,0.496,24,36,0.667,15,64,79,187,30,8,69,109,250,0,,mitchda01
Malcolm Brogdon,32,WAS,PG,18,13,447,86,194,0.443,15,48,0.313,71,146,0.486,0.482,62,70,0.886,17,56,73,71,10,5,31,26,249,0,,brogdma01
Khris Middleton,33,MIL,SF,20,7,470,93,190,0.489,28,76,0.368,65,114,0.57,0.563,35,42,0.833,5,73,78,95,16,3,32,46,249,0,,middlkh01
Trey Lyles,29,SAC,PF,36,2,724,83,207,0.401,49,142,0.345,34,65,0.523,0.519,31,42,0.738,39,133,172,33,21,17,23,45,246,0,,lylestr01
Nick Richards,27,2TM,C,26,13,567,86,149,0.577,0,2,0,86,147,0.585,0.577,74,105,0.705,68,146,214,31,8,30,43,65,246,0,,richani01
Bogdan Bogdanović,32,ATL,SG,24,0,598,83,224,0.371,44,146,0.301,39,78,0.5,0.469,30,34,0.882,12,54,66,49,20,6,37,57,240,0,,bogdabo01
Talen Horton-Tucker,24,CHI,SG,39,0,459,84,184,0.457,31,81,0.383,53,103,0.515,0.541,35,48,0.729,14,54,68,53,15,8,26,40,234,0,,hortota01
Johnny Juzang,23,UTA,SG,32,5,571,79,189,0.418,54,135,0.4,25,54,0.463,0.561,22,25,0.88,19,69,88,33,12,5,16,62,234,0,,juzanjo01
Isaiah Stewart,23,DET,C,42,3,865,96,184,0.522,8,33,0.242,88,151,0.583,0.543,33,39,0.846,86,164,250,73,18,56,39,108,233,0,,stewais01
Jeremiah Robinson-Earl,24,NOP,PF,39,6,715,87,195,0.446,27,90,0.3,60,105,0.571,0.515,25,29,0.862,70,119,189,51,28,6,28,51,226,0,,robinje02
Ricky Council IV,23,PHI,SF,36,3,515,74,184,0.402,21,78,0.269,53,106,0.5,0.459,56,67,0.836,24,60,84,34,12,6,20,30,225,0,,councri01
Matas Buzelis,20,CHI,SF,45,0,579,80,207,0.386,34,100,0.34,46,107,0.43,0.469,30,37,0.811,29,92,121,20,11,35,26,60,224,0,,buzelma01
Jamal Shead,22,TOR,PG,42,0,693,86,211,0.408,33,94,0.351,53,117,0.453,0.486,18,25,0.72,10,36,46,142,24,6,62,74,223,0,,sheadja01
Eric Gordon,36,PHI,SG,33,10,641,72,171,0.421,46,116,0.397,26,55,0.473,0.556,32,43,0.744,6,30,36,51,21,10,23,28,222,0,,gordoer01
Jose Alvarado,26,NOP,PG,24,7,528,74,189,0.392,51,125,0.408,23,64,0.359,0.526,22,28,0.786,12,36,48,98,32,7,27,47,221,0,,alvarjo01
Vasilije Micić,31,CHO,PG,32,12,662,79,232,0.341,36,108,0.333,43,124,0.347,0.418,27,33,0.818,17,55,72,110,14,0,66,38,221,0,,micicva01
Ajay Mitchell,22,OKC,SG,34,1,561,84,166,0.506,22,51,0.431,62,115,0.539,0.572,28,33,0.848,17,50,67,57,24,3,28,59,218,0,,mitchaj01
Justin Champagnie,23,WAS,SF,27,13,539,84,167,0.503,31,80,0.388,53,87,0.609,0.596,16,25,0.64,43,88,131,28,28,15,22,53,215,0,,champju01
Jusuf Nurkić,30,PHO,C,25,23,592,74,163,0.454,19,59,0.322,55,104,0.529,0.512,48,69,0.696,46,183,229,47,23,16,57,78,215,0,,nurkiju01
Shake Milton,28,2TM,SG,35,1,565,77,173,0.445,30,82,0.366,47,91,0.516,0.532,30,39,0.769,18,45,63,73,15,2,24,49,214,0,,miltosh01
Jared Butler,24,WAS,PG,31,0,345,83,170,0.488,15,40,0.375,68,130,0.523,0.532,31,40,0.775,14,27,41,79,12,5,27,37,212,0,,butleja02
Marcus Sasser,24,DET,PG,35,0,488,80,171,0.468,33,89,0.371,47,82,0.573,0.564,18,20,0.9,12,30,42,74,22,4,29,44,211,0,,sassema01
Dean Wade,28,CLE,PF,35,26,799,73,179,0.408,52,149,0.349,21,30,0.7,0.553,13,25,0.52,35,143,178,55,30,16,11,68,211,0,,wadede01
Luke Kornet,29,BOS,C,41,6,699,84,132,0.636,0,0,,84,132,0.636,0.636,42,56,0.75,94,119,213,61,21,41,19,56,210,0,,kornelu01
Terance Mann,28,LAC,SG,33,12,660,82,180,0.456,24,68,0.353,58,112,0.518,0.522,21,30,0.7,27,69,96,56,27,10,22,63,209,0,,mannte01
Lindy Waters III,27,GSW,SG,37,9,649,76,202,0.376,49,146,0.336,27,56,0.482,0.498,8,11,0.727,16,80,96,42,21,10,17,55,209,0,,waterli01
Kyle Filipowski,21,UTA,C,34,8,628,78,162,0.481,21,70,0.3,57,92,0.62,0.546,30,49,0.612,36,130,166,60,20,4,32,65,207,0,,filipky01
Herbert Jones,26,NOP,SF,20,20,648,75,172,0.436,22,72,0.306,53,100,0.53,0.5,33,40,0.825,22,56,78,65,37,9,35,66,205,0,,joneshe01
Josh Okogie,26,2TM,SG,30,1,459,72,151,0.477,24,60,0.4,48,91,0.527,0.556,35,49,0.714,39,53,92,22,36,13,22,36,203,0,,okogijo01
Julian Phillips,21,CHI,SF,46,3,609,72,164,0.439,28,87,0.322,44,77,0.571,0.524,29,41,0.707,42,52,94,19,20,11,19,60,201,0,,phillju01
Neemias Queta,25,BOS,C,38,5,569,84,126,0.667,0,2,0,84,124,0.677,0.667,32,44,0.727,55,91,146,25,13,28,25,70,200,0,,quetane01
Andre Drummond,31,PHI,C,28,16,538,81,159,0.509,1,11,0.091,80,148,0.541,0.513,35,61,0.574,70,144,214,16,32,10,47,68,198,0,,drumman01
Seth Curry,34,CHO,SG,36,8,486,74,150,0.493,36,78,0.462,38,72,0.528,0.613,13,15,0.867,15,35,50,19,15,5,14,34,197,0,,curryse01
Drew Eubanks,27,UTA,C,35,3,532,79,133,0.594,3,5,0.6,76,128,0.594,0.605,35,54,0.648,40,124,164,41,10,28,31,44,196,0,,eubandr01
Vit Krejci,24,ATL,PG,31,14,611,70,162,0.432,40,106,0.377,30,56,0.536,0.556,15,21,0.714,12,61,73,85,23,15,28,56,195,0,,krejcvi01
Day'Ron Sharpe,23,BRK,C,25,0,440,77,159,0.484,4,27,0.148,73,132,0.553,0.497,37,49,0.755,74,84,158,35,19,13,30,47,195,0,,sharpda01
Kevon Looney,28,GSW,C,39,6,617,86,165,0.521,0,1,0,86,164,0.524,0.521,22,49,0.449,111,154,265,68,29,12,23,84,194,0,,looneke01
Ausar Thompson,22,DET,SF,24,13,473,81,162,0.5,7,32,0.219,74,130,0.569,0.522,25,42,0.595,38,77,115,39,37,10,35,60,194,0,,thompau01
Kenrich Williams,30,OKC,PF,34,0,477,74,149,0.497,28,75,0.373,46,74,0.622,0.591,15,17,0.882,28,80,108,31,20,5,18,54,191,0,,willike04
Isaiah Collier,20,UTA,PG,36,11,773,76,208,0.365,15,70,0.214,61,138,0.442,0.401,23,38,0.605,12,87,99,176,30,8,96,74,190,0,,colliis01
Gabe Vincent,28,LAL,PG,39,5,781,73,184,0.397,39,122,0.32,34,62,0.548,0.503,5,10,0.5,11,38,49,49,28,9,25,81,190,0,,vincega01
Ben Simmons,28,BRK,PG,30,24,760,86,155,0.555,0,0,,86,155,0.555,0.555,16,23,0.696,27,133,160,213,24,15,84,74,188,0,,simmobe01
Ja'Kobe Walter,20,TOR,SG,27,7,496,69,175,0.394,25,84,0.298,44,91,0.484,0.466,25,38,0.658,20,45,65,38,14,6,21,51,188,0,,walteja01
Jamison Battle,23,TOR,SF,34,0,428,65,142,0.458,44,106,0.415,21,36,0.583,0.613,12,14,0.857,19,43,62,31,4,4,12,36,186,0,,battlja01
Monte Morris,29,PHO,PG,36,0,483,66,155,0.426,20,66,0.303,46,89,0.517,0.49,34,40,0.85,10,45,55,62,15,3,16,19,186,0,,morrimo01
Lonzo Ball,27,CHI,PG,26,5,542,62,164,0.378,48,138,0.348,14,26,0.538,0.524,11,14,0.786,13,75,88,91,41,14,30,41,183,0,,balllo01
Tre Mann,23,CHO,PG,13,0,319,70,161,0.435,24,60,0.4,46,101,0.455,0.509,19,21,0.905,12,26,38,39,7,4,25,24,183,0,,manntr01
Jonathan Mogbo,23,TOR,PF,36,6,589,70,151,0.464,8,25,0.32,62,126,0.492,0.49,35,48,0.729,63,86,149,56,26,16,31,66,183,0,,mogbojo01
Jett Howard,21,ORL,SF,39,0,432,64,166,0.386,38,118,0.322,26,48,0.542,0.5,15,18,0.833,17,33,50,24,5,6,18,39,181,0,,howarje01
Donovan Clingan,20,POR,C,33,10,554,74,142,0.521,6,22,0.273,68,120,0.567,0.542,25,34,0.735,90,130,220,25,16,54,41,84,179,0,,clingdo01
Kyle Anderson,31,GSW,PF,33,3,503,70,158,0.443,19,51,0.373,51,107,0.477,0.503,18,27,0.667,25,78,103,77,26,18,18,37,177,0,,anderky01
Svi Mykhailiuk,27,UTA,SF,17,8,319,63,145,0.434,38,105,0.362,25,40,0.625,0.566,11,14,0.786,6,31,37,29,13,5,29,22,175,0,,mykhasv01
Mason Plumlee,34,PHO,C,44,18,772,67,115,0.583,0,2,0,67,113,0.593,0.583,40,64,0.625,73,206,279,81,21,32,38,95,174,0,,plumlma01
Thomas Bryant,27,2TM,C,29,1,380,66,120,0.55,23,56,0.411,43,64,0.672,0.646,19,20,0.95,37,68,105,19,12,18,10,25,174,0,,bryanth01
Gary Payton II,32,GSW,SG,34,8,456,75,134,0.56,10,43,0.233,65,91,0.714,0.597,12,19,0.632,36,67,103,43,22,11,21,51,172,0,,paytoga02
Kris Murray,24,POR,SF,38,0,545,69,149,0.463,16,60,0.267,53,89,0.596,0.517,14,30,0.467,42,45,87,36,14,8,22,36,168,0,,murrakr01
Grant Williams,26,CHO,PF,16,7,479,54,123,0.439,27,74,0.365,27,49,0.551,0.549,31,37,0.838,18,64,82,37,18,13,28,46,166,0,,willigr01
Marcus Smart,30,MEM,PG,18,6,382,53,142,0.373,29,87,0.333,24,55,0.436,0.475,30,36,0.833,14,28,42,69,23,6,34,30,165,0,,smartma01
Chet Holmgren,22,OKC,C,10,10,265,56,111,0.505,14,37,0.378,42,74,0.568,0.568,38,49,0.776,16,71,87,20,8,26,23,18,164,0,,holmgch01
Ben Sheppard,23,IND,SG,31,7,626,59,150,0.393,37,104,0.356,22,46,0.478,0.517,9,10,0.9,19,58,77,32,17,8,11,70,164,0,,sheppbe01
Dalen Terry,22,CHI,SG,44,1,564,59,131,0.45,18,49,0.367,41,82,0.5,0.519,28,40,0.7,25,42,67,49,22,10,35,67,164,0,,terryda01
Zach Collins,27,SAS,C,34,4,413,59,129,0.457,13,45,0.289,46,84,0.548,0.508,31,35,0.886,37,62,99,50,14,14,23,67,162,0,,colliza01
Isaac Okoro,24,CLE,SG,28,16,551,56,131,0.427,31,78,0.397,25,53,0.472,0.546,18,25,0.72,22,36,58,46,19,11,11,57,161,0,,okorois01
Daniel Theis,32,NOP,C,37,9,603,61,126,0.484,9,36,0.25,52,90,0.578,0.52,29,35,0.829,43,116,159,59,17,18,25,67,160,0,,theisda01
Tidjane Salaün,19,CHO,PF,34,8,625,54,170,0.318,30,107,0.28,24,63,0.381,0.406,21,31,0.677,35,104,139,37,20,6,29,44,159,0,,salauti01
Andre Jackson Jr.,23,MIL,SG,42,34,726,63,138,0.457,22,60,0.367,41,78,0.526,0.536,7,13,0.538,46,87,133,60,25,11,43,93,155,0,,jacksan01
KJ Martin,24,PHI,PF,24,7,480,61,99,0.616,8,21,0.381,53,78,0.679,0.657,24,29,0.828,21,51,72,19,11,16,12,62,154,0,,martike04
Alex Caruso,30,OKC,SG,27,0,533,59,154,0.383,26,89,0.292,33,65,0.508,0.468,9,12,0.75,18,58,76,69,49,14,18,52,153,0,,carusal01
Nick Smith Jr.,20,CHO,SG,25,6,375,58,153,0.379,30,88,0.341,28,65,0.431,0.477,4,5,0.8,4,38,42,39,8,5,19,19,150,0,,smithni01
Precious Achiuwa,25,NYK,C,26,1,488,64,118,0.542,7,17,0.412,57,101,0.564,0.572,14,27,0.519,45,95,140,26,24,21,20,37,149,0,,achiupr01
Larry Nance Jr.,32,ATL,PF,16,3,311,57,104,0.548,26,54,0.481,31,50,0.62,0.673,7,8,0.875,17,51,68,25,16,11,12,24,147,0,,nancela02
Kelly Olynyk,33,TOR,C,21,1,320,49,96,0.51,17,35,0.486,32,61,0.525,0.599,32,41,0.78,19,53,72,49,15,8,31,47,147,0,,olynyke01
Immanuel Quickley,25,TOR,PG,9,9,256,48,127,0.378,20,58,0.345,28,69,0.406,0.457,30,32,0.938,1,19,20,55,6,1,16,16,146,0,,quickim01
Jordan Miller,25,LAC,SF,27,0,368,54,126,0.429,8,36,0.222,46,90,0.511,0.46,26,33,0.788,22,30,52,30,15,5,22,21,142,0,,millejo02
Max Strus,28,CLE,SF,18,5,435,51,123,0.415,36,97,0.371,15,26,0.577,0.561,4,5,0.8,16,60,76,52,8,7,18,35,142,0,,strusma01
Alec Burks,33,MIA,SG,25,0,402,43,104,0.413,33,77,0.429,10,27,0.37,0.572,21,26,0.808,7,43,50,26,13,4,9,16,140,0,,burksal01
Nicolas Batum,36,LAC,PF,45,1,785,46,125,0.368,37,103,0.359,9,22,0.409,0.516,10,13,0.769,29,97,126,62,29,18,20,70,139,0,,batumni01
Moussa Diabaté,23,CHO,C,36,4,646,59,98,0.602,0,0,,59,98,0.602,0.602,19,35,0.543,104,131,235,24,24,27,31,58,137,0,,diabamo01
Oso Ighodaro,22,PHO,PF,36,2,581,58,104,0.558,0,2,0,58,102,0.569,0.558,19,35,0.543,34,93,127,36,17,13,21,61,135,0,,ighodos01
Charles Bassey,24,SAS,C,30,0,312,58,99,0.586,0,0,,58,99,0.586,0.586,18,29,0.621,47,82,129,12,12,28,21,42,134,0,,bassech01
Malaki Branham,21,SAS,SG,28,0,281,48,112,0.429,20,52,0.385,28,60,0.467,0.518,17,20,0.85,3,28,31,26,7,2,28,16,133,0,,branhma01
Bones Hyland,24,LAC,PG,19,0,215,41,110,0.373,29,77,0.377,12,33,0.364,0.505,21,24,0.875,5,19,24,28,17,4,23,23,132,0,,hylanbo01
Ryan Rollins,22,MIL,PG,28,5,332,51,106,0.481,16,44,0.364,35,62,0.565,0.557,13,16,0.813,9,36,45,32,21,10,24,40,131,0,,rolliry01
Mo Bamba,26,LAC,C,28,2,352,48,103,0.466,15,50,0.3,33,53,0.623,0.539,17,25,0.68,26,94,120,16,9,28,19,49,128,0,,bambamo01
Aaron Holiday,28,HOU,PG,32,0,349,43,103,0.417,25,66,0.379,18,37,0.486,0.539,15,17,0.882,6,25,31,35,13,3,15,30,126,0,,holidaa01
Tosan Evbuomwan,23,BRK,SF,13,0,311,45,101,0.446,9,33,0.273,36,68,0.529,0.49,26,35,0.743,16,40,56,18,9,4,27,24,125,0,,evbuoto01
Pelle Larsson,23,MIA,SG,29,1,375,44,95,0.463,14,45,0.311,30,50,0.6,0.537,20,31,0.645,13,30,43,27,13,2,12,52,122,0,,larsspe01
Olivier-Maxence Prosper,22,DAL,PF,36,1,321,42,98,0.429,9,33,0.273,33,65,0.508,0.474,29,48,0.604,31,49,80,20,12,3,9,16,122,0,,prospol01
David Roddy,23,ATL,PF,26,3,343,44,92,0.478,16,43,0.372,28,49,0.571,0.565,18,22,0.818,11,59,70,30,12,8,20,18,122,0,,roddyda01
Jaxson Hayes,24,LAL,C,23,3,373,47,73,0.644,0,2,0,47,71,0.662,0.644,26,35,0.743,31,58,89,18,10,17,13,45,120,0,,hayesja02
Sandro Mamukelashvili,25,SAS,PF,27,0,236,42,78,0.538,19,47,0.404,23,31,0.742,0.66,17,24,0.708,18,52,70,15,7,7,11,18,120,0,,mamuksa01
Bruce Brown,28,TOR,PG,13,0,264,46,100,0.46,8,25,0.32,38,75,0.507,0.5,18,21,0.857,14,41,55,21,12,2,18,22,118,0,,brownbr01
Kawhi Leonard,33,LAC,SF,8,8,185,49,102,0.48,10,34,0.294,39,68,0.574,0.529,10,12,0.833,5,23,28,15,9,1,11,6,118,0,,leonaka01
DeAndre Jordan,36,DEN,C,33,2,390,52,80,0.65,0,0,,52,80,0.65,0.65,12,29,0.414,43,108,151,26,10,16,24,43,116,0,,jordade01
Keaton Wallace,25,ATL,PG,18,3,321,43,101,0.426,20,53,0.377,23,48,0.479,0.525,9,9,1,4,27,31,43,19,6,21,21,115,0,,wallake01
Jabari Walker,22,POR,SF,33,1,349,45,100,0.45,5,31,0.161,40,69,0.58,0.475,14,24,0.583,29,68,97,16,19,5,18,42,109,0,,walkeja01
Paul Reed,25,DET,C,25,0,245,41,72,0.569,5,16,0.313,36,56,0.643,0.604,21,25,0.84,16,36,52,25,27,14,12,37,108,0,,reedpa01
Trendon Watford,24,BRK,PF,13,0,209,35,79,0.443,8,26,0.308,27,53,0.509,0.494,30,35,0.857,4,32,36,15,5,4,16,30,108,0,,watfotr01
Reggie Jackson,34,PHI,PG,25,1,298,40,101,0.396,21,59,0.356,19,42,0.452,0.5,6,7,0.857,5,26,31,37,12,3,17,27,107,0,,jacksre01
Rob Dillingham,20,MIN,PG,21,0,215,44,92,0.478,18,37,0.486,26,55,0.473,0.576,0,2,0,4,18,22,38,5,0,26,16,106,0,,dilliro01
Justin Edwards,21,PHI,SF,15,0,305,40,87,0.46,18,53,0.34,22,34,0.647,0.563,8,13,0.615,15,27,42,14,10,4,13,28,106,0,,edwarju01
Kyle Lowry,38,PHI,PG,26,12,512,32,91,0.352,22,68,0.324,10,23,0.435,0.473,20,25,0.8,8,39,47,70,27,9,19,49,106,0,,lowryky01
Doug McDermott,33,SAC,SF,29,3,248,36,84,0.429,31,71,0.437,5,13,0.385,0.613,3,5,0.6,2,15,17,4,4,1,5,25,106,0,,mcderdo01
Jaylin Williams,22,OKC,PF,18,5,291,39,94,0.415,24,66,0.364,15,28,0.536,0.543,4,4,1,21,65,86,40,8,10,12,30,106,0,,willija07
Kevin Love,36,MIA,PF,18,6,200,35,99,0.354,21,58,0.362,14,41,0.341,0.46,13,19,0.684,17,58,75,19,14,2,13,16,104,0,,loveke01
Maxi Kleber,33,DAL,PF,34,4,637,37,96,0.385,13,49,0.265,24,47,0.511,0.453,16,21,0.762,25,70,95,43,9,17,23,66,103,0,,klebima01
Trevelin Queen,27,ORL,SG,20,2,326,39,99,0.394,16,52,0.308,23,47,0.489,0.475,9,11,0.818,16,18,34,30,22,8,18,31,103,0,,queentr01
Reed Sheppard,20,HOU,PG,32,0,360,39,124,0.315,20,73,0.274,19,51,0.373,0.395,5,6,0.833,10,30,40,37,17,10,19,28,103,0,,sheppre01
Pat Connaughton,32,MIL,SG,24,0,363,37,92,0.402,16,54,0.296,21,38,0.553,0.489,12,16,0.75,13,56,69,42,4,6,13,27,102,0,,connapa01
Quenton Jackson,26,IND,PG,18,7,254,39,76,0.513,9,24,0.375,30,52,0.577,0.572,15,21,0.714,10,17,27,31,9,5,11,32,102,0,,jacksqu01
Tre Jones,25,SAS,PG,25,0,407,38,82,0.463,7,23,0.304,31,59,0.525,0.506,19,25,0.76,14,41,55,93,16,5,19,30,102,0,,jonestr01
Cody Williams,20,UTA,SG,26,12,545,36,120,0.3,15,63,0.238,21,57,0.368,0.363,14,22,0.636,13,44,57,35,13,10,22,49,101,0,,willico04
Steven Adams,31,HOU,C,31,0,352,38,63,0.603,0,0,,38,63,0.603,0.603,22,53,0.415,75,75,150,34,8,13,31,30,98,0,,adamsst01
Cam Reddish,25,LAL,SF,30,8,542,36,85,0.424,13,45,0.289,23,40,0.575,0.5,13,21,0.619,15,46,61,22,30,10,12,42,98,0,,reddica01
Robert Williams,27,POR,C,17,3,294,41,63,0.651,1,3,0.333,40,60,0.667,0.659,15,17,0.882,30,67,97,17,11,29,15,25,98,0,,williro04
Caleb Houstan,22,ORL,SF,33,5,405,30,96,0.313,26,84,0.31,4,12,0.333,0.448,9,9,1,13,20,33,15,7,3,5,35,95,0,,houstca01
Marvin Bagley III,25,WAS,C,19,1,166,38,71,0.535,2,10,0.2,36,61,0.59,0.549,15,23,0.652,27,29,56,7,7,5,11,12,93,0,,baglema01
Jae'Sean Tate,29,HOU,SF,26,1,274,35,75,0.467,6,19,0.316,29,56,0.518,0.507,17,27,0.63,24,34,58,19,13,2,12,50,93,0,,tateja01
Blake Wesley,21,SAS,SG,29,0,278,36,80,0.45,4,21,0.19,32,59,0.542,0.475,15,21,0.714,6,17,23,54,10,3,26,14,91,0,,weslebl01
Aaron Nesmith,25,IND,SF,10,7,196,31,57,0.544,11,22,0.5,20,35,0.571,0.64,15,17,0.882,5,30,35,9,4,2,9,29,88,0,,nesmiaa01
Dru Smith,27,MIA,SG,14,1,268,31,61,0.508,16,30,0.533,15,31,0.484,0.639,9,12,0.75,12,24,36,23,21,6,17,30,87,0,,smithdr01
Ousmane Dieng,21,OKC,C,25,0,260,31,83,0.373,13,48,0.271,18,35,0.514,0.452,11,16,0.688,11,44,55,18,13,5,6,23,86,0,,diengou01
Gui Santos,22,GSW,PF,21,1,251,31,65,0.477,19,43,0.442,12,22,0.545,0.623,4,8,0.5,21,30,51,24,8,3,11,28,85,0,,santogu01
Rayan Rupert,20,POR,SG,31,0,265,31,75,0.413,10,34,0.294,21,41,0.512,0.48,12,16,0.75,20,18,38,16,8,2,15,19,84,0,,ruperra01
Jeff Dowtin,27,PHI,PG,21,0,244,32,77,0.416,6,22,0.273,26,55,0.473,0.455,12,17,0.706,3,24,27,33,8,4,3,13,82,0,,dowtije01
Gary Harris,30,ORL,SG,20,2,326,29,72,0.403,19,54,0.352,10,18,0.556,0.535,4,8,0.5,10,15,25,10,13,5,9,14,81,0,,harriga01
Adem Bona,21,PHI,C,29,1,295,29,40,0.725,0,0,,29,40,0.725,0.725,22,33,0.667,25,51,76,8,5,20,18,51,80,0,,bonaad01
Antonio Reeves,24,NOP,SG,18,0,166,31,76,0.408,11,38,0.289,20,38,0.526,0.48,7,8,0.875,6,12,18,11,6,0,5,7,80,0,,reevean01
Isaiah Wong,24,CHO,SG,14,0,174,26,69,0.377,6,22,0.273,20,47,0.426,0.42,21,30,0.7,13,12,25,20,8,0,12,14,79,0,,wongis01
Johnny Davis,22,WAS,SG,31,0,221,32,74,0.432,7,27,0.259,25,47,0.532,0.48,7,11,0.636,9,26,35,10,14,6,5,18,78,0,,davisjo06
Josh Minott,22,MIN,SF,28,0,207,31,65,0.477,7,28,0.25,24,37,0.649,0.531,9,11,0.818,7,25,32,13,12,9,7,26,78,0,,minotjo01
DaQuan Jeffries,27,CHO,SG,12,0,209,29,60,0.483,14,33,0.424,15,27,0.556,0.6,5,6,0.833,12,28,40,10,7,5,7,22,77,0,,jeffrda01
Isaac Jones,24,SAC,PF,22,0,176,32,49,0.653,1,4,0.25,31,45,0.689,0.663,11,20,0.55,10,21,31,4,2,8,11,22,76,0,,jonesis01
Patty Mills,36,UTA,PG,16,0,246,26,74,0.351,17,55,0.309,9,19,0.474,0.466,5,5,1,3,16,19,21,12,3,16,12,74,0,,millspa02
John Konchar,28,MEM,SG,25,3,354,26,64,0.406,14,45,0.311,12,19,0.632,0.516,5,6,0.833,26,74,100,26,14,11,10,24,71,0,,konchjo01
Jevon Carter,29,CHI,PG,20,0,128,24,55,0.436,16,38,0.421,8,17,0.471,0.582,6,8,0.75,2,14,16,14,5,1,7,6,70,0,,carteje01
Jamal Cain,25,NOP,SF,18,0,230,25,57,0.439,9,30,0.3,16,27,0.593,0.518,10,16,0.625,16,30,46,10,9,7,7,21,69,0,,cainja01
Hunter Tyson,24,DEN,PF,33,0,246,22,59,0.373,11,36,0.306,11,23,0.478,0.466,14,19,0.737,11,39,50,13,5,4,9,31,69,0,,tysonhu01
Jaylen Nowell,25,NOP,SG,8,0,168,26,73,0.356,8,27,0.296,18,46,0.391,0.411,7,11,0.636,6,14,20,18,1,4,8,9,67,0,,nowelja01
Jaylon Tyson,22,CLE,SG,28,1,217,24,58,0.414,9,26,0.346,15,32,0.469,0.491,8,12,0.667,16,35,51,20,7,1,11,26,65,0,,tysonja01
Jock Landale,29,HOU,C,21,0,193,24,58,0.414,3,7,0.429,21,51,0.412,0.44,13,22,0.591,25,31,56,15,4,7,10,15,64,0,,landajo01
Jericho Sims,26,NYK,C,36,5,419,28,46,0.609,0,0,,28,46,0.609,0.609,8,13,0.615,51,78,129,22,8,10,21,46,64,0,,simsje01
Delon Wright,32,MIL,PG,25,2,383,22,78,0.282,12,46,0.261,10,32,0.313,0.359,8,14,0.571,15,28,43,45,21,8,14,17,64,0,,wrighde01
Wendell Moore Jr.,23,DET,SG,18,1,215,23,50,0.46,4,14,0.286,19,36,0.528,0.5,13,14,0.929,11,33,44,22,10,3,9,15,63,0,,moorewe01
Craig Porter Jr.,24,CLE,PG,27,0,205,25,43,0.581,7,13,0.538,18,30,0.6,0.663,6,8,0.75,3,18,21,27,5,9,13,10,63,0,,portecr01
Torrey Craig,34,CHI,SF,9,1,113,22,45,0.489,15,35,0.429,7,10,0.7,0.656,3,4,0.75,8,17,25,5,2,1,0,15,62,0,,craigto01
Johnny Furphy,20,IND,SG,30,0,226,21,55,0.382,11,32,0.344,10,23,0.435,0.482,9,9,1,13,20,33,9,8,6,9,22,62,0,,furphjo01
Anthony Gill,32,WAS,PF,32,0,188,21,42,0.5,5,14,0.357,16,28,0.571,0.56,15,26,0.577,6,22,28,7,6,1,6,17,62,0,,gillan01
De'Anthony Melton,26,GSW,SG,6,2,121,22,54,0.407,13,35,0.371,9,19,0.474,0.528,5,8,0.625,6,14,20,17,7,2,10,18,62,0,,meltode01
Dillon Jones,23,OKC,SF,28,0,241,22,65,0.338,7,37,0.189,15,28,0.536,0.392,8,14,0.571,18,34,52,22,5,3,10,27,59,0,,jonesdi01
Kai Jones,24,LAC,C,27,0,205,25,35,0.714,0,2,0,25,33,0.758,0.714,9,12,0.75,15,30,45,10,6,13,10,23,59,0,,joneska01
Bruno Fernando,26,TOR,C,17,2,147,26,49,0.531,0,0,,26,49,0.531,0.531,6,8,0.75,21,30,51,18,4,9,14,27,58,0,,fernabr01
Cory Joseph,33,ORL,PG,29,0,220,21,59,0.356,14,40,0.35,7,19,0.368,0.475,2,4,0.5,6,17,23,24,11,3,11,18,58,0,,josepco01
KJ Simpson,22,CHO,PG,13,0,192,20,68,0.294,6,32,0.188,14,36,0.389,0.338,12,17,0.706,14,12,26,21,11,2,13,18,58,0,,simpskj01
Micah Potter,26,UTA,C,17,7,300,20,57,0.351,14,45,0.311,6,12,0.5,0.474,3,3,1,19,47,66,13,5,7,12,19,57,0,,pottemi01
Jeff Green,38,HOU,PF,13,2,137,20,37,0.541,8,23,0.348,12,14,0.857,0.649,7,9,0.778,2,16,18,3,3,1,3,14,55,0,,greenje02
Jordan Walsh,20,BOS,PF,33,1,265,19,54,0.352,11,38,0.289,8,16,0.5,0.454,5,10,0.5,12,24,36,9,8,8,8,18,54,0,,walshjo01
Kobe Bufkin,21,ATL,SG,10,0,124,18,47,0.383,4,19,0.211,14,28,0.5,0.426,13,18,0.722,5,16,21,17,3,2,8,9,53,0,,bufkiko01
Tyler Kolek,23,NYK,PG,27,0,144,18,47,0.383,11,28,0.393,7,19,0.368,0.5,6,6,1,2,13,15,21,7,1,8,12,53,0,,kolekty01
Alex Len,31,SAC,C,34,3,251,22,41,0.537,1,6,0.167,21,35,0.6,0.549,7,13,0.538,25,39,64,29,8,18,10,34,52,0,,lenal01
Jordan McLaughlin,28,SAC,PG,27,0,183,16,42,0.381,10,25,0.4,6,17,0.353,0.5,10,14,0.714,4,17,21,24,10,0,11,13,52,0,,mclaujo01
Landry Shamet,27,NYK,SG,16,0,179,21,49,0.429,9,29,0.31,12,20,0.6,0.52,1,2,0.5,3,10,13,7,7,2,7,11,52,0,,shamela01
Quinten Post,24,GSW,PF,7,0,84,19,39,0.487,10,27,0.37,9,12,0.75,0.615,2,2,1,3,12,15,11,1,2,5,12,50,0,,postqu01
Duop Reath,28,POR,C,21,0,123,17,44,0.386,10,32,0.313,7,12,0.583,0.5,6,8,0.75,8,12,20,6,0,2,4,15,50,0,,reathdu01
Kobe Brown,25,LAC,PF,16,0,144,21,44,0.477,4,15,0.267,17,29,0.586,0.523,3,4,0.75,13,30,43,12,3,2,5,14,49,0,,brownko01
Dwight Powell,33,DAL,C,33,0,251,14,18,0.778,1,1,1,13,17,0.765,0.806,20,30,0.667,22,37,59,23,12,15,7,38,49,0,,poweldw01
Dario Šarić,30,DEN,C,13,4,192,18,54,0.333,6,24,0.25,12,30,0.4,0.389,7,10,0.7,13,34,47,22,7,1,14,18,49,0,,saricda01
Jalen Pickett,25,DEN,SG,18,0,137,19,38,0.5,9,21,0.429,10,17,0.588,0.618,1,1,1,3,12,15,28,2,1,7,10,48,0,,pickeja02
Christian Koloko,24,LAL,C,24,0,207,22,37,0.595,0,2,0,22,35,0.629,0.595,3,4,0.75,25,29,54,7,6,8,7,27,47,0,,kolokch01
Elfrid Payton,30,NOP,PG,7,3,144,23,46,0.5,0,1,0,23,45,0.511,0.5,1,2,0.5,5,19,24,48,10,3,20,10,47,0,,paytoel01
Branden Carlson,25,OKC,C,15,0,95,16,35,0.457,12,28,0.429,4,7,0.571,0.629,2,2,1,5,20,25,6,2,6,2,11,46,0,,carlsbr01
Patrick Baldwin Jr.,22,WAS,SF,20,0,87,16,30,0.533,10,18,0.556,6,12,0.5,0.7,2,4,0.5,5,12,17,1,2,2,3,5,44,0,,baldwpa01
Taj Gibson,39,CHO,C,18,9,183,18,37,0.486,1,2,0.5,17,35,0.486,0.5,7,10,0.7,21,30,51,9,6,5,10,25,44,0,,gibsota01
MarJon Beauchamp,24,MIL,SF,22,0,93,15,38,0.395,5,18,0.278,10,20,0.5,0.461,8,10,0.8,4,19,23,3,2,1,12,5,43,0,,beaucma01
Devin Carter,22,SAC,PG,11,0,118,14,44,0.318,6,22,0.273,8,22,0.364,0.386,9,12,0.75,5,24,29,14,1,3,6,13,43,0,,cartede02
Pat Spencer,28,GSW,PG,18,0,123,17,45,0.378,2,10,0.2,15,35,0.429,0.4,7,10,0.7,9,14,23,27,8,2,10,7,43,0,,spencpa01
Luka Garza,26,MIN,C,14,0,60,17,30,0.567,2,8,0.25,15,22,0.682,0.6,5,8,0.625,6,10,16,1,1,0,5,9,41,0,,garzalu01
Jaden Springer,22,BOS,SG,23,0,114,11,29,0.379,5,15,0.333,6,14,0.429,0.466,14,19,0.737,4,15,19,8,10,0,3,15,41,0,,sprinja01
Tristan Thompson,33,CLE,C,22,0,174,18,39,0.462,0,2,0,18,37,0.486,0.462,5,20,0.25,16,45,61,14,1,7,10,21,41,0,,thomptr01
Brandon Williams,25,DAL,PG,16,0,102,14,36,0.389,3,12,0.25,11,24,0.458,0.431,10,13,0.769,2,10,12,18,2,0,9,7,41,0,,willibr03
GG Jackson II,20,MEM,PF,5,0,83,14,39,0.359,5,20,0.25,9,19,0.474,0.423,7,9,0.778,5,12,17,4,2,0,6,5,40,0,,jacksgg01
Cam Spencer,24,MEM,SG,10,0,121,13,30,0.433,5,16,0.313,8,14,0.571,0.517,9,9,1,5,12,17,16,3,1,5,11,40,0,,spencca01
Reece Beekman,23,2TM,PG,17,0,171,16,42,0.381,4,16,0.25,12,26,0.462,0.429,4,7,0.571,5,8,13,23,8,2,8,7,40,0,,beekmre01
Trey Jemison,25,2TM,C,18,0,183,15,32,0.469,0,0,,15,32,0.469,0.469,9,23,0.391,23,27,50,10,7,8,11,31,39,0,,jemistr01
Chris Duarte,27,CHI,SG,16,0,73,12,25,0.48,6,14,0.429,6,11,0.545,0.6,6,8,0.75,5,15,20,8,0,0,1,7,36,0,,duartch01
Dariq Whitehead,20,BRK,SF,8,0,56,12,25,0.48,11,21,0.524,1,4,0.25,0.7,1,3,0.333,1,4,5,1,3,1,3,2,36,0,,whiteda01
Bol Bol,25,PHO,PF,11,0,66,13,24,0.542,3,11,0.273,10,13,0.769,0.604,6,10,0.6,5,13,18,1,0,2,5,2,35,0,,bolbo01
Isaiah Jackson,23,IND,C,5,1,84,14,23,0.609,0,0,,14,23,0.609,0.609,7,14,0.5,11,17,28,5,3,8,5,14,35,0,,jacksis01
Drew Peterson,25,BOS,PF,12,0,112,11,23,0.478,7,18,0.389,4,5,0.8,0.63,6,7,0.857,5,19,24,8,2,2,5,11,35,0,,peterdr01
Zeke Nnaji,24,DEN,PF,27,0,121,15,34,0.441,0,10,0,15,24,0.625,0.441,3,7,0.429,3,10,13,4,1,3,4,9,33,0,,nnajize01
Enrique Freeman,24,IND,PF,18,1,135,12,25,0.48,1,6,0.167,11,19,0.579,0.5,7,13,0.538,5,13,18,7,2,2,5,17,32,0,,freemen01
Elijah Harkless,24,UTA,SG,8,0,129,11,33,0.333,7,25,0.28,4,8,0.5,0.439,3,6,0.5,9,9,18,7,10,1,3,17,32,0,,harklej01
Josh Richardson,31,MIA,SG,8,0,150,11,38,0.289,6,22,0.273,5,16,0.313,0.368,4,4,1,6,6,12,12,8,1,8,17,32,0,,richajo01
Damion Lee,32,PHO,SG,10,0,60,9,29,0.31,3,15,0.2,6,14,0.429,0.362,10,10,1,1,8,9,7,2,0,5,2,31,0,,leeda03
Tyler Smith,20,MIL,PF,13,0,43,12,18,0.667,5,10,0.5,7,8,0.875,0.806,1,2,0.5,2,10,12,1,0,3,3,5,30,0,,smithty02
Moses Brown,25,IND,C,9,0,46,13,20,0.65,0,0,,13,20,0.65,0.65,3,5,0.6,4,9,13,0,2,1,6,6,29,0,,brownmo01
JT Thor,22,CLE,PF,8,0,39,9,14,0.643,3,5,0.6,6,9,0.667,0.75,7,8,0.875,3,3,6,1,2,3,6,6,28,0,,thorjt01
Richaun Holmes,31,WAS,PF,8,0,70,11,22,0.5,0,1,0,11,21,0.524,0.5,5,7,0.714,9,16,25,1,0,4,3,5,27,0,,holmeri01
Orlando Robinson,24,2TM,C,12,0,90,10,26,0.385,1,6,0.167,9,20,0.45,0.404,6,9,0.667,5,16,21,10,4,3,8,14,27,0,,robinor01
Ariel Hukporti,22,NYK,C,16,0,120,10,16,0.625,0,0,,10,16,0.625,0.625,6,10,0.6,5,23,28,6,0,11,11,15,26,0,,hukpoar01
Colby Jones,22,SAC,SG,23,0,122,11,25,0.44,4,9,0.444,7,16,0.438,0.52,0,0,,6,14,20,5,5,6,7,13,26,0,,jonesco02
Matt Ryan,27,NYK,SF,16,0,60,9,26,0.346,5,16,0.313,4,10,0.4,0.442,2,2,1,0,7,7,1,2,0,3,1,25,0,,ryanma01
Xavier Tillman Sr.,26,BOS,C,26,1,190,10,40,0.25,4,22,0.182,6,18,0.333,0.3,1,2,0.5,8,28,36,7,8,5,9,14,25,0,,tillmxa01
Jazian Gortman,21,DAL,PG,16,0,57,9,23,0.391,4,11,0.364,5,12,0.417,0.478,2,4,0.5,1,4,5,6,2,1,5,9,24,0,,gortmja01
Yuki Kawamura,23,MEM,PG,17,0,56,8,21,0.381,4,15,0.267,4,6,0.667,0.476,4,6,0.667,0,6,6,12,1,0,4,7,24,0,,kawamyu01
Daeqwon Plowden,26,ATL,SG,2,0,33,8,10,0.8,6,8,0.75,2,2,1,1.1,2,2,1,3,2,5,0,0,0,1,5,24,0,,plowdda01
Sidy Cissoko,20,SAS,SF,16,0,51,9,18,0.5,3,7,0.429,6,11,0.545,0.583,1,6,0.167,3,7,10,6,1,0,2,6,22,0,,cissosi01
Jae Crowder,34,SAC,PF,7,2,92,6,17,0.353,3,12,0.25,3,5,0.6,0.441,5,6,0.833,6,11,17,4,3,0,4,10,20,0,,crowdja01
Pacome Dadiet,19,NYK,SG,13,0,83,6,20,0.3,5,14,0.357,1,6,0.167,0.425,2,2,1,0,13,13,5,1,2,1,5,19,0,,dadiepa01
Dominick Barlow,21,ATL,SF,10,0,59,6,16,0.375,2,5,0.4,4,11,0.364,0.438,4,6,0.667,1,8,9,3,3,0,0,5,18,0,,barlodo01
Kessler Edwards,24,DAL,SF,17,1,109,6,18,0.333,2,10,0.2,4,8,0.5,0.389,2,2,1,2,18,20,6,4,2,1,10,16,0,,edwarke02
Keshad Johnson,23,MIA,SF,10,0,57,7,12,0.583,1,4,0.25,6,8,0.75,0.625,1,6,0.167,2,15,17,3,1,4,3,5,16,0,,johnske10
Jeenathan Williams,25,HOU,SG,6,0,21,7,9,0.778,2,4,0.5,5,5,1,0.889,0,0,,0,3,3,1,2,1,1,1,16,0,,willije02
Vince Williams Jr.,24,MEM,SG,3,0,45,7,19,0.368,1,8,0.125,6,11,0.545,0.395,1,4,0.25,4,7,11,9,0,2,7,9,16,0,,willivi01
Adam Flagler,25,OKC,SG,15,0,56,5,31,0.161,5,28,0.179,0,3,0,0.242,0,0,,3,5,8,0,2,1,1,6,15,0,,flaglad01
E.J. Liddell,24,CHI,PF,6,0,31,5,8,0.625,3,6,0.5,2,2,1,0.813,2,2,1,1,4,5,3,1,1,2,8,15,0,,liddeej01
Pete Nance,24,PHI,C,5,0,60,5,15,0.333,4,12,0.333,1,3,0.333,0.467,1,2,0.5,2,7,9,3,1,0,0,10,15,0,,nancepe01
Terrence Shannon Jr.,24,MIN,SG,10,0,45,7,13,0.538,1,3,0.333,6,10,0.6,0.577,0,0,,0,2,2,5,2,1,3,1,15,0,,shannte01
Colin Castleton,24,MEM,C,10,0,46,2,10,0.2,0,4,0,2,6,0.333,0.2,10,11,0.909,3,6,9,0,1,1,1,6,14,0,,castlco01
Taylor Hendricks,21,UTA,PF,3,3,75,4,18,0.222,3,12,0.25,1,6,0.167,0.306,3,4,0.75,5,10,15,2,5,4,2,8,14,0,,hendrta01
Oscar Tshiebwe,25,UTA,C,3,0,46,4,6,0.667,0,0,,4,6,0.667,0.667,6,8,0.75,5,15,20,0,4,0,1,10,14,0,,tshieos01
Trey Alexander,21,DEN,SG,14,0,62,4,18,0.222,2,9,0.222,2,9,0.222,0.278,2,2,1,0,4,4,6,1,1,1,5,12,0,,alexatr01
Alex Ducas,24,OKC,SG,9,0,31,4,9,0.444,4,8,0.5,0,1,0,0.667,0,0,,1,2,3,1,1,0,1,3,12,0,,ducasal01
Markieff Morris,35,DAL,PF,7,0,41,5,22,0.227,2,13,0.154,3,9,0.333,0.273,0,0,,0,8,8,4,1,1,2,2,12,0,,morrima02
Armel Traoré,22,LAL,SF,8,0,61,5,18,0.278,0,7,0,5,11,0.455,0.278,2,7,0.286,1,13,14,1,4,2,2,6,12,0,,armeltr01
Tristan Vukcevic,21,WAS,C,7,0,22,5,14,0.357,1,8,0.125,4,6,0.667,0.393,1,1,1,2,2,4,1,0,1,0,3,12,0,,vukcetr01
PJ Hall,22,DEN,C,10,0,28,4,8,0.5,0,3,0,4,5,0.8,0.5,3,4,0.75,2,8,10,2,0,1,1,3,11,0,,hallpj01
A.J. Lawson,24,TOR,SG,4,0,15,4,8,0.5,2,5,0.4,2,3,0.667,0.625,1,3,0.333,1,2,3,0,0,0,0,0,11,0,,lawsoaj01
Karlo Matković,23,NOP,PF,10,0,73,5,12,0.417,0,2,0,5,10,0.5,0.417,0,0,,8,12,20,3,5,7,7,12,10,0,,matkoka01
Vlatko Čančar,27,DEN,PF,4,0,34,4,7,0.571,1,2,0.5,3,5,0.6,0.643,0,0,,3,5,8,0,0,1,2,4,9,0,,cancavl01
Trentyn Flowers,19,LAC,SF,2,0,16,4,9,0.444,0,2,0,4,7,0.571,0.444,1,1,1,1,3,4,0,0,0,1,3,9,0,,flowetr01
Lester Quiñones,24,PHI,SG,4,0,17,4,8,0.5,0,3,0,4,5,0.8,0.5,1,1,1,3,1,4,1,0,0,4,0,9,0,,quinole01
Liam Robbins,25,MIL,C,13,0,57,2,8,0.25,0,2,0,2,6,0.333,0.25,5,10,0.5,7,5,12,2,2,2,6,9,9,0,,robbili01
Baylor Scheierman,24,BOS,SG,9,0,54,3,17,0.176,1,12,0.083,2,5,0.4,0.206,2,2,1,2,11,13,4,2,0,0,6,9,0,,scheiba01
Garrett Temple,38,TOR,SG,15,0,58,2,11,0.182,1,5,0.2,1,6,0.167,0.227,4,4,1,2,8,10,9,5,2,4,7,9,0,,templga01
James Johnson,37,IND,PF,8,0,27,4,7,0.571,0,1,0,4,6,0.667,0.571,0,1,0,0,4,4,3,0,2,4,4,8,0,,johnsja01
Jack McVeigh,28,HOU,PF,6,0,21,3,11,0.273,2,8,0.25,1,3,0.333,0.364,0,0,,1,3,4,1,0,1,1,1,8,0,,mcveija01
Adama Sanogo,22,CHI,C,4,0,21,4,7,0.571,0,0,,4,7,0.571,0.571,0,0,,5,1,6,1,0,0,1,1,8,0,,sanogad01
Luke Travers,23,CLE,SG,6,0,42,3,7,0.429,0,3,0,3,4,0.75,0.429,2,2,1,1,5,6,5,1,1,2,3,8,0,,travelu01
Stanley Umude,25,MIL,SG,17,0,53,3,16,0.188,2,8,0.25,1,8,0.125,0.25,0,2,0,3,10,13,2,2,2,1,6,8,0,,umudest01
TyTy Washington Jr.,23,PHO,PG,4,0,28,3,6,0.5,2,3,0.667,1,3,0.333,0.667,0,0,,0,1,1,4,2,0,1,0,8,0,,washity02
PJ Dozier,28,MIN,SG,9,0,35,2,3,0.667,2,3,0.667,0,0,,1,1,6,0.167,1,4,5,5,1,0,1,3,7,0,,doziepj01
AJ Johnson,20,MIL,SG,6,0,15,3,7,0.429,1,1,1,2,6,0.333,0.5,0,0,,0,3,3,3,0,0,2,0,7,0,,johnsaj01
Maxwell Lewis,22,2TM,SF,8,0,30,3,7,0.429,1,1,1,2,6,0.333,0.5,0,0,,2,0,2,2,1,0,2,1,7,0,,lewisma05
Cam Christie,19,LAC,SG,5,0,29,2,9,0.222,1,6,0.167,1,3,0.333,0.278,1,2,0.5,1,5,6,2,2,0,2,2,6,0,,chrisca02
Josh Christopher,23,MIA,SG,7,0,26,2,6,0.333,0,1,0,2,5,0.4,0.333,2,4,0.5,0,3,3,4,0,1,4,1,6,0,,chrisjo01
JD Davison,22,BOS,PG,5,0,24,2,5,0.4,1,3,0.333,1,2,0.5,0.5,1,2,0.5,0,2,2,1,1,0,6,1,6,0,,davisjd01
Mouhamed Gueye,22,ATL,PF,3,0,30,3,13,0.231,0,8,0,3,5,0.6,0.231,0,0,,1,5,6,1,2,0,1,1,6,0,,gueyemo02
Bryce McGowens,22,POR,SG,5,0,13,3,5,0.6,0,2,0,3,3,1,0.6,0,1,0,1,0,1,1,0,0,2,1,6,0,,mcgowbr01
Taze Moore,26,POR,SG,2,0,20,2,10,0.2,1,4,0.25,1,6,0.167,0.25,1,2,0.5,4,4,8,1,2,0,2,0,6,0,,mooreta02
Jacob Toppin,24,NYK,SF,15,0,47,3,9,0.333,0,2,0,3,7,0.429,0.333,0,0,,2,8,10,4,2,0,2,3,6,0,,toppija01
Jarred Vanderbilt,25,LAL,PF,2,0,26,3,7,0.429,0,2,0,3,5,0.6,0.429,0,0,,3,3,6,3,5,0,1,4,6,0,,vandeja01
James Wiseman,23,IND,C,1,0,5,2,4,0.5,0,1,0,2,3,0.667,0.5,2,2,1,0,1,1,0,0,0,0,0,6,0,,wisemja01
Ulrich Chomche,19,TOR,PF,6,0,20,2,3,0.667,0,0,,2,3,0.667,0.667,1,2,0.5,3,3,6,2,0,0,2,4,5,0,,chomcul01
Collin Gillespie,25,PHO,PG,2,0,6,2,3,0.667,1,1,1,1,2,0.5,0.833,0,0,,1,0,1,0,0,0,0,1,5,0,,gilleco01
Alondes Williams,25,DET,SG,1,0,4,2,2,1,1,1,1,1,1,1,1.25,0,0,,0,0,0,1,0,0,0,0,5,0,,willial06
Jalen Hood-Schifino,21,LAL,SG,2,0,14,1,1,1,0,0,,1,1,1,1,2,2,1,1,0,1,1,0,1,1,3,4,0,,hoodsja01
Bronny James,20,LAL,SG,12,0,29,1,11,0.091,0,4,0,1,7,0.143,0.091,2,2,1,1,1,2,3,2,1,0,2,4,0,,jamesbr02
Jared Rhoden,25,CHO,SG,4,0,12,2,8,0.25,0,2,0,2,6,0.333,0.25,0,0,,2,2,4,2,1,0,1,1,4,0,,rhodeja01
D.J. Carton,24,TOR,SG,4,0,33,1,7,0.143,0,3,0,1,4,0.25,0.143,1,1,1,0,4,4,3,2,0,4,1,3,0,,cartodj01
Cui Yongxi,21,BRK,SG,5,0,10,1,7,0.143,0,3,0,1,4,0.25,0.143,1,2,0.5,0,2,2,0,0,0,0,0,3,0,,cuiyo01
David Duke Jr.,25,SAS,SG,1,0,8,1,4,0.25,0,1,0,1,3,0.333,0.25,1,2,0.5,0,0,0,2,0,0,0,1,3,0,,dukeda01
Jaylen Martin,21,BRK,SF,3,0,5,1,2,0.5,1,1,1,0,1,0,0.75,0,0,,0,0,0,0,0,0,0,1,3,0,,martija02
Tristen Newton,23,2TM,SG,6,0,9,1,6,0.167,0,3,0,1,3,0.333,0.167,1,1,1,0,1,1,1,0,0,1,3,3,0,,newtotr01
Quincy Olivari,23,LAL,PG,2,0,10,1,5,0.2,1,5,0.2,0,0,,0.3,0,0,,0,0,0,1,0,0,1,0,3,0,,olivaqu01
Jaylen Clark,23,MIN,SG,4,0,10,0,3,0,0,1,0,0,2,0,0,2,2,1,1,0,1,0,0,0,0,1,2,0,,clarkja02
Isaiah Crawford,23,SAC,SF,3,0,9,1,2,0.5,0,0,,1,2,0.5,0.5,0,0,,0,3,3,0,0,0,0,1,2,0,,crawfis01
RayJ Dennis,23,IND,PG,5,0,10,0,2,0,0,2,0,0,0,,0,2,2,1,1,2,3,1,2,0,2,1,2,0,,dennira01
Spencer Jones,23,DEN,SF,5,0,13,1,4,0.25,0,3,0,1,1,1,0.25,0,0,,0,3,3,0,2,0,1,1,2,0,,jonessp01
Malevy Leons,25,OKC,SF,6,0,21,0,2,0,0,1,0,0,1,0,0,2,4,0.5,1,2,3,1,0,0,1,4,2,0,,leonsma01
Chris Livingston,21,MIL,SF,8,0,21,1,2,0.5,0,0,,1,2,0.5,0.5,0,0,,2,8,10,1,1,0,3,2,2,0,,livinch01
Leonard Miller,21,MIN,SF,4,0,10,0,4,0,0,3,0,0,1,0,0,2,2,1,1,4,5,0,1,0,1,1,2,0,,millele01
Alex Reese,25,OKC,PF,1,0,2,1,1,1,0,0,,1,1,1,1,0,0,,1,0,1,0,0,0,0,0,2,0,,reeseal01
Jalen Bridges,23,PHO,SF,4,0,17,0,3,0,0,3,0,0,0,,0,1,2,0.5,0,3,3,0,0,0,2,0,1,0,,bridgja01
Kylor Kelley,27,DAL,,1,0,8,0,0,,0,0,,0,0,,,1,2,0.5,1,3,4,0,0,0,0,2,1,0,,kelleky01
Daishen Nix,22,MIN,PG,3,0,13,0,1,0,0,1,0,0,0,,0,1,2,0.5,0,4,4,3,0,0,4,1,1,0,,nixda01
Emoni Bates,21,CLE,SF,2,0,9,0,3,0,0,2,0,0,1,0,0,0,0,,0,0,0,1,0,0,0,0,0,0,,batesem01
Joe Ingles,37,MIN,SF,9,0,35,0,3,0,0,2,0,0,1,0,0,0,0,,2,0,2,9,0,0,1,6,0,0,,inglejo01
Harrison Ingram,22,SAS,SF,1,0,7,0,1,0,0,0,,0,1,0,0,0,0,,0,1,1,0,0,0,0,1,0,0,,ingraha01
Daniss Jenkins,23,DET,PG,3,0,8,0,4,0,0,4,0,0,0,,0,0,0,,0,0,0,0,0,0,1,1,0,0,,jenkida01
Mason Jones,26,SAC,SG,3,0,13,0,2,0,0,2,0,0,0,,0,0,0,,1,3,4,7,0,0,0,1,0,0,,jonesma05
Bobi Klintman,21,DET,SF,1,0,4,0,0,,0,0,,0,0,,,0,0,,0,2,2,0,0,0,0,2,0,0,,klintbo01
Mac McClung,26,ORL,SG,1,0,5,0,0,,0,0,,0,0,,,0,0,,0,1,1,2,0,0,0,0,0,0,,mccluma01
Justin Minaya,25,POR,SF,6,0,18,0,1,0,0,0,,0,1,0,0,0,0,,2,1,3,2,1,0,0,3,0,0,,minayju01
Riley Minix,24,SAS,SF,1,0,7,0,1,0,0,1,0,0,0,,0,0,0,,0,2,2,0,0,0,0,0,0,0,,minixri01
Cole Swider,25,DET,SF,2,0,13,0,5,0,0,5,0,0,0,,0,0,0,,0,2,2,1,0,0,0,1,0,0,,swideco01